stateTime,Regular,Filecoin Plus,Total
"2020-10-15","0.23","0.00","0.23"
"2020-10-16","0.26","0.00","0.26"
"2020-10-17","0.29","0.00","0.29"
"2020-10-18","0.33","0.00","0.33"
"2020-10-19","0.37","0.00","0.37"
"2020-10-20","0.41","0.00","0.41"
"2020-10-21","0.44","0.00","0.44"
"2020-10-22","0.47","0.00","0.47"
"2020-10-23","0.51","0.00","0.51"
"2020-10-24","0.54","0.00","0.54"
"2020-10-25","0.56","0.00","0.56"
"2020-10-26","0.58","0.00","0.58"
"2020-10-27","0.59","0.00","0.59"
"2020-10-28","0.60","0.00","0.60"
"2020-10-29","0.60","0.00","0.60"
"2020-10-30","0.61","0.00","0.61"
"2020-10-31","0.61","0.00","0.61"
"2020-11-01","0.62","0.00","0.62"
"2020-11-02","0.63","0.00","0.63"
"2020-11-03","0.64","0.00","0.64"
"2020-11-04","0.65","0.00","0.65"
"2020-11-05","0.67","0.00","0.67"
"2020-11-06","0.69","0.00","0.69"
"2020-11-07","0.69","0.00","0.69"
"2020-11-08","0.70","0.00","0.70"
"2020-11-09","0.70","0.00","0.70"
"2020-11-10","0.71","0.00","0.71"
"2020-11-11","0.72","0.00","0.72"
"2020-11-12","0.72","0.00","0.72"
"2020-11-13","0.73","0.00","0.73"
"2020-11-14","0.74","0.00","0.74"
"2020-11-15","0.74","0.00","0.74"
"2020-11-16","0.74","0.00","0.74"
"2020-11-17","0.75","0.00","0.75"
"2020-11-18","0.75","0.00","0.75"
"2020-11-19","0.76","0.00","0.76"
"2020-11-20","0.78","0.00","0.78"
"2020-11-21","0.79","0.00","0.79"
"2020-11-22","0.80","0.00","0.80"
"2020-11-23","0.81","0.00","0.81"
"2020-11-24","0.81","0.00","0.81"
"2020-11-25","0.83","0.00","0.83"
"2020-11-26","0.85","0.00","0.85"
"2020-11-27","0.87","0.00","0.87"
"2020-11-28","0.88","0.00","0.88"
"2020-11-29","0.89","0.00","0.89"
"2020-11-30","0.91","0.00","0.91"
"2020-12-01","0.91","0.00","0.91"
"2020-12-02","0.92","0.00","0.92"
"2020-12-03","0.93","0.00","0.93"
"2020-12-04","0.94","0.00","0.94"
"2020-12-05","0.95","0.00","0.95"
"2020-12-06","0.97","0.00","0.97"
"2020-12-07","1.00","0.00","1.00"
"2020-12-08","1.04","0.00","1.04"
"2020-12-09","1.09","0.00","1.09"
"2020-12-10","1.15","0.00","1.15"
"2020-12-11","1.18","0.00","1.18"
"2020-12-12","1.22","0.00","1.22"
"2020-12-13","1.26","0.00","1.26"
"2020-12-14","1.28","0.00","1.28"
"2020-12-15","1.30","0.00","1.30"
"2020-12-16","1.33","0.00","1.33"
"2020-12-17","1.34","0.00","1.34"
"2020-12-18","1.35","0.01","1.36"
"2020-12-19","1.35","0.01","1.36"
"2020-12-20","1.37","0.01","1.38"
"2020-12-21","1.41","0.01","1.42"
"2020-12-22","1.42","0.01","1.43"
"2020-12-23","1.47","0.01","1.48"
"2020-12-24","1.49","0.01","1.50"
"2020-12-25","1.51","0.01","1.52"
"2020-12-26","1.52","0.01","1.53"
"2020-12-27","1.52","0.01","1.53"
"2020-12-28","1.53","0.01","1.54"
"2020-12-29","1.54","0.01","1.55"
"2020-12-30","1.54","0.01","1.55"
"2020-12-31","1.56","0.01","1.57"
"2021-01-01","1.57","0.01","1.58"
"2021-01-02","1.58","0.01","1.59"
"2021-01-03","1.60","0.01","1.61"
"2021-01-04","1.62","0.01","1.63"
"2021-01-05","1.64","0.01","1.65"
"2021-01-06","1.66","0.01","1.67"
"2021-01-07","1.69","0.02","1.71"
"2021-01-08","1.76","0.02","1.78"
"2021-01-09","1.82","0.02","1.84"
"2021-01-10","1.87","0.02","1.89"
"2021-01-11","1.96","0.02","1.98"
"2021-01-12","2.06","0.02","2.08"
"2021-01-13","2.13","0.02","2.15"
"2021-01-14","2.19","0.02","2.21"
"2021-01-15","2.25","0.02","2.27"
"2021-01-16","2.32","0.02","2.34"
"2021-01-17","2.39","0.03","2.42"
"2021-01-18","2.43","0.03","2.46"
"2021-01-19","2.50","0.03","2.53"
"2021-01-20","2.59","0.03","2.62"
"2021-01-21","2.69","0.03","2.72"
"2021-01-22","2.79","0.03","2.82"
"2021-01-23","2.91","0.03","2.94"
"2021-01-24","3.02","0.03","3.05"
"2021-01-25","3.13","0.03","3.16"
"2021-01-26","3.25","0.03","3.28"
"2021-01-27","3.45","0.03","3.48"
"2021-01-28","3.64","0.04","3.68"
"2021-01-29","3.82","0.04","3.86"
"2021-01-30","3.97","0.04","4.01"
"2021-01-31","4.13","0.04","4.17"
"2021-02-01","4.25","0.04","4.29"
"2021-02-02","4.34","0.04","4.38"
"2021-02-03","4.37","0.04","4.41"
"2021-02-04","4.38","0.05","4.43"
"2021-02-05","4.38","0.05","4.43"
"2021-02-06","4.39","0.05","4.44"
"2021-02-07","4.40","0.05","4.45"
"2021-02-08","4.40","0.05","4.45"
"2021-02-09","4.42","0.05","4.47"
"2021-02-10","4.44","0.06","4.50"
"2021-02-11","4.44","0.06","4.50"
"2021-02-12","4.44","0.06","4.50"
"2021-02-13","4.45","0.06","4.51"
"2021-02-14","4.47","0.06","4.53"
"2021-02-15","4.47","0.06","4.53"
"2021-02-16","4.49","0.06","4.55"
"2021-02-17","4.49","0.06","4.55"
"2021-02-18","4.49","0.07","4.56"
"2021-02-19","4.49","0.07","4.56"
"2021-02-20","4.49","0.07","4.56"
"2021-02-21","4.49","0.07","4.56"
"2021-02-22","4.49","0.08","4.57"
"2021-02-23","4.51","0.08","4.59"
"2021-02-24","4.54","0.08","4.62"
"2021-02-25","4.54","0.08","4.62"
"2021-02-26","4.54","0.08","4.62"
"2021-02-27","4.54","0.09","4.63"
"2021-02-28","4.54","0.09","4.63"
"2021-03-01","4.54","0.09","4.63"
"2021-03-02","4.54","0.09","4.63"
"2021-03-03","4.55","0.09","4.64"
"2021-03-04","4.55","0.09","4.64"
"2021-03-05","4.55","0.09","4.64"
"2021-03-06","4.56","0.09","4.65"
"2021-03-07","4.58","0.09","4.67"
"2021-03-08","4.61","0.09","4.70"
"2021-03-09","4.62","0.09","4.71"
"2021-03-10","4.63","0.10","4.73"
"2021-03-11","4.65","0.10","4.75"
"2021-03-12","4.67","0.10","4.77"
"2021-03-13","4.67","0.10","4.77"
"2021-03-14","4.68","0.10","4.78"
"2021-03-15","4.69","0.10","4.79"
"2021-03-16","4.70","0.10","4.80"
"2021-03-17","4.72","0.10","4.82"
"2021-03-18","4.75","0.10","4.85"
"2021-03-19","4.82","0.10","4.92"
"2021-03-20","4.87","0.10","4.97"
"2021-03-21","4.91","0.10","5.01"
"2021-03-22","4.97","0.10","5.07"
"2021-03-23","5.00","0.10","5.10"
"2021-03-24","5.07","0.11","5.18"
"2021-03-25","5.14","0.11","5.25"
"2021-03-26","5.23","0.11","5.34"
"2021-03-27","5.29","0.11","5.40"
"2021-03-28","5.33","0.11","5.44"
"2021-03-29","5.44","0.11","5.55"
"2021-03-30","5.47","0.11","5.58"
"2021-03-31","5.52","0.11","5.63"
"2021-04-01","5.70","0.12","5.82"
"2021-04-02","5.75","0.12","5.87"
"2021-04-03","5.84","0.12","5.96"
"2021-04-04","5.90","0.12","6.02"
"2021-04-05","5.96","0.12","6.08"
"2021-04-06","6.13","0.12","6.25"
"2021-04-07","6.19","0.12","6.31"
"2021-04-08","6.24","0.12","6.36"
"2021-04-09","6.34","0.12","6.46"
"2021-04-10","6.45","0.12","6.57"
"2021-04-11","6.51","0.12","6.63"
"2021-04-12","6.57","0.12","6.69"
"2021-04-13","6.67","0.12","6.79"
"2021-04-14","6.82","0.12","6.94"
"2021-04-15","7.02","0.13","7.15"
"2021-04-16","7.18","0.13","7.31"
"2021-04-17","7.28","0.13","7.41"
"2021-04-18","7.48","0.13","7.61"
"2021-04-19","7.89","0.13","8.02"
"2021-04-20","8.09","0.13","8.22"
"2021-04-21","8.25","0.14","8.39"
"2021-04-22","8.49","0.14","8.63"
"2021-04-23","8.56","0.14","8.70"
"2021-04-24","8.67","0.14","8.81"
"2021-04-25","8.85","0.14","8.99"
"2021-04-26","9.19","0.14","9.33"
"2021-04-27","9.37","0.14","9.51"
"2021-04-28","9.64","0.14","9.78"
"2021-04-29","9.85","0.14","9.99"
"2021-04-30","10.02","0.15","10.17"
"2021-05-01","10.37","0.15","10.52"
"2021-05-02","10.74","0.15","10.89"
"2021-05-03","10.88","0.16","11.04"
"2021-05-04","11.01","0.16","11.17"
"2021-05-05","11.33","0.17","11.50"
"2021-05-06","11.67","0.17","11.84"
"2021-05-07","11.77","0.18","11.95"
"2021-05-08","11.88","0.19","12.07"
"2021-05-09","12.00","0.19","12.19"
"2021-05-10","12.48","0.19","12.67"
"2021-05-11","12.72","0.19","12.91"
"2021-05-12","12.81","0.20","13.01"
"2021-05-13","12.97","0.20","13.17"
"2021-05-14","13.16","0.20","13.36"
"2021-05-15","13.32","0.20","13.52"
"2021-05-16","13.46","0.20","13.66"
"2021-05-17","13.47","0.21","13.68"
"2021-05-18","13.52","0.21","13.73"
"2021-05-19","13.59","0.21","13.80"
"2021-05-20","13.65","0.21","13.86"
"2021-05-21","13.65","0.21","13.86"
"2021-05-22","13.64","0.21","13.85"
"2021-05-23","13.63","0.21","13.84"
"2021-05-24","13.62","0.21","13.83"
"2021-05-25","13.62","0.21","13.83"
"2021-05-26","13.61","0.21","13.82"
"2021-05-27","13.63","0.21","13.84"
"2021-05-28","13.67","0.21","13.88"
"2021-05-29","13.70","0.21","13.91"
"2021-05-30","13.74","0.21","13.95"
"2021-05-31","13.76","0.21","13.97"
"2021-06-01","13.79","0.22","14.01"
"2021-06-02","13.88","0.22","14.10"
"2021-06-03","13.96","0.22","14.18"
"2021-06-04","14.00","0.22","14.22"
"2021-06-05","14.00","0.22","14.22"
"2021-06-06","13.98","0.22","14.20"
"2021-06-07","13.94","0.22","14.16"
"2021-06-08","13.95","0.22","14.17"
"2021-06-09","14.02","0.22","14.24"
"2021-06-10","14.08","0.22","14.30"
"2021-06-11","14.17","0.23","14.40"
"2021-06-12","14.35","0.23","14.58"
"2021-06-13","14.47","0.23","14.70"
"2021-06-14","14.62","0.23","14.85"
"2021-06-15","14.85","0.23","15.08"
"2021-06-16","15.16","0.23","15.39"
"2021-06-17","15.44","0.24","15.68"
"2021-06-18","15.76","0.24","16.00"
"2021-06-19","16.09","0.24","16.33"
"2021-06-20","16.36","0.24","16.60"
"2021-06-21","16.58","0.24","16.82"
"2021-06-22","16.87","0.25","17.12"
"2021-06-23","17.14","0.25","17.39"
"2021-06-24","17.41","0.25","17.66"
"2021-06-25","17.68","0.25","17.93"
"2021-06-26","18.00","0.25","18.25"
"2021-06-27","18.38","0.25","18.63"
"2021-06-28","18.59","0.25","18.84"
"2021-06-29","18.77","0.26","19.03"
"2021-06-30","19.12","0.26","19.38"
"2021-07-01","19.41","0.26","19.67"
"2021-07-02","19.85","0.26","20.11"
"2021-07-03","20.06","0.27","20.33"
"2021-07-04","20.31","0.27","20.58"
"2021-07-05","20.42","0.27","20.69"
"2021-07-06","20.50","0.27","20.77"
"2021-07-07","20.59","0.27","20.86"
"2021-07-08","20.63","0.27","20.90"
"2021-07-09","20.68","0.27","20.95"
"2021-07-10","20.70","0.27","20.97"
"2021-07-11","20.71","0.27","20.98"
"2021-07-12","20.72","0.28","21.00"
"2021-07-13","20.73","0.28","21.01"
"2021-07-14","20.73","0.28","21.01"
"2021-07-15","20.74","0.28","21.02"
"2021-07-16","20.75","0.28","21.03"
"2021-07-17","20.75","0.28","21.03"
"2021-07-18","20.75","0.28","21.03"
"2021-07-19","20.75","0.28","21.03"
"2021-07-20","20.75","0.28","21.03"
"2021-07-21","20.76","0.29","21.05"
"2021-07-22","20.76","0.29","21.05"
"2021-07-23","20.77","0.29","21.06"
"2021-07-24","20.77","0.29","21.06"
"2021-07-25","20.77","0.29","21.06"
"2021-07-26","20.77","0.30","21.07"
"2021-07-27","20.78","0.30","21.08"
"2021-07-28","20.78","0.30","21.08"
"2021-07-29","20.78","0.30","21.08"
"2021-07-30","20.79","0.30","21.09"
"2021-07-31","20.79","0.31","21.10"
"2021-08-01","20.79","0.31","21.10"
"2021-08-02","20.79","0.32","21.11"
"2021-08-03","20.80","0.33","21.13"
"2021-08-04","20.80","0.33","21.13"
"2021-08-05","20.80","0.33","21.13"
"2021-08-06","20.87","0.33","21.20"
"2021-08-07","20.95","0.34","21.29"
"2021-08-08","21.01","0.35","21.36"
"2021-08-09","21.07","0.36","21.43"
"2021-08-10","21.14","0.36","21.50"
"2021-08-11","21.19","0.37","21.56"
"2021-08-12","21.21","0.38","21.59"
"2021-08-13","21.24","0.39","21.63"
"2021-08-14","21.28","0.40","21.68"
"2021-08-15","21.35","0.40","21.75"
"2021-08-16","21.46","0.42","21.88"
"2021-08-17","21.55","0.43","21.98"
"2021-08-19","21.76","0.44","22.20"
"2021-08-20","21.87","0.45","22.32"
"2021-08-21","21.97","0.45","22.42"
"2021-08-22","22.08","0.45","22.53"
"2021-08-23","22.22","0.46","22.68"
"2021-08-24","22.34","0.47","22.81"
"2021-08-25","22.48","0.47","22.95"
"2021-08-26","22.60","0.48","23.08"
"2021-08-27","22.73","0.48","23.21"
"2021-08-28","22.87","0.49","23.36"
"2021-08-29","23.00","0.51","23.51"
"2021-08-30","23.14","0.51","23.65"
"2021-08-31","23.28","0.53","23.81"
"2021-09-01","23.41","0.54","23.95"
"2021-09-02","23.55","0.55","24.10"
"2021-09-03","23.69","0.56","24.25"
"2021-09-04","23.83","0.56","24.39"
"2021-09-05","23.97","0.57","24.54"
"2021-09-06","24.11","0.58","24.69"
"2021-09-07","24.25","0.59","24.84"
"2021-09-08","24.49","0.60","25.09"
"2021-09-09","24.79","0.61","25.40"
"2021-09-10","25.06","0.62","25.68"
"2021-09-11","25.15","0.63","25.78"
"2021-09-12","25.19","0.65","25.84"
"2021-09-13","25.28","0.66","25.94"
"2021-09-14","25.43","0.67","26.10"
"2021-09-15","25.61","0.69","26.30"
"2021-09-16","25.77","0.70","26.47"
"2021-09-17","25.91","0.72","26.63"
"2021-09-18","26.01","0.73","26.74"
"2021-09-19","26.11","0.75","26.86"
"2021-09-20","26.20","0.76","26.96"
"2021-09-21","26.29","0.77","27.06"
"2021-09-22","26.38","0.78","27.16"
"2021-09-23","26.50","0.80","27.30"
"2021-09-24","26.60","0.82","27.42"
"2021-09-25","26.65","0.84","27.49"
"2021-09-26","26.73","0.86","27.59"
"2021-09-27","26.80","0.88","27.68"
"2021-09-28","26.88","0.89","27.77"
"2021-09-29","26.96","0.91","27.87"
"2021-09-30","27.06","0.92","27.98"
"2021-10-01","27.16","0.95","28.11"
"2021-10-02","27.27","0.97","28.24"
"2021-10-03","27.39","0.98","28.37"
"2021-10-04","27.50","0.99","28.49"
"2021-10-05","27.61","1.00","28.61"
"2021-10-06","27.64","1.03","28.67"
"2021-10-07","27.64","1.05","28.69"
"2021-10-08","27.65","1.08","28.73"
"2021-10-09","27.75","1.10","28.85"
"2021-10-10","27.85","1.15","29.00"
"2021-10-11","27.93","1.17","29.10"
"2021-10-12","28.01","1.19","29.20"
"2021-10-13","28.07","1.22","29.29"
"2021-10-14","28.19","1.26","29.45"
"2021-10-15","28.29","1.30","29.59"
"2021-10-16","28.35","1.34","29.69"
"2021-10-17","28.39","1.38","29.77"
"2021-10-18","28.48","1.42","29.90"
"2021-10-19","28.57","1.45","30.02"
"2021-10-20","28.63","1.49","30.12"
"2021-10-21","28.67","1.51","30.18"
"2021-10-22","28.76","1.52","30.28"
"2021-10-23","28.89","1.54","30.43"
"2021-10-24","29.02","1.55","30.57"
"2021-10-25","29.14","1.56","30.70"
"2021-10-26","29.25","1.57","30.82"
"2021-10-27","29.37","1.59","30.96"
"2021-10-28","29.49","1.61","31.10"
"2021-10-29","29.61","1.63","31.24"
"2021-10-30","29.74","1.66","31.40"
"2021-10-31","29.87","1.70","31.57"
"2021-11-01","29.96","1.75","31.71"
"2021-11-02","30.06","1.79","31.85"
"2021-11-03","30.14","1.83","31.97"
"2021-11-04","30.19","1.88","32.07"
"2021-11-05","30.20","1.91","32.11"
"2021-11-06","30.23","1.94","32.17"
"2021-11-07","30.25","1.97","32.22"
"2021-11-08","30.27","2.00","32.27"
"2021-11-09","30.29","2.04","32.33"
"2021-11-10","30.32","2.08","32.40"
"2021-11-11","30.35","2.12","32.47"
"2021-11-12","30.38","2.15","32.53"
"2021-11-13","30.42","2.19","32.61"
"2021-11-14","30.44","2.23","32.67"
"2021-11-15","30.45","2.27","32.72"
"2021-11-16","30.47","2.32","32.79"
"2021-11-17","30.49","2.35","32.84"
"2021-11-18","30.50","2.40","32.90"
"2021-11-19","30.51","2.46","32.97"
"2021-11-20","30.53","2.51","33.04"
"2021-11-21","30.55","2.55","33.10"
"2021-11-22","30.56","2.61","33.17"
"2021-11-23","30.58","2.66","33.24"
"2021-11-24","30.59","2.68","33.27"
"2021-11-25","30.61","2.71","33.32"
"2021-11-26","30.62","2.74","33.36"
"2021-11-27","30.63","2.78","33.41"
"2021-11-28","30.65","2.79","33.44"
"2021-11-29","30.67","2.82","33.49"
"2021-11-30","30.68","2.84","33.52"
"2021-12-01","30.70","2.87","33.57"
"2021-12-02","30.72","2.93","33.65"
"2021-12-03","30.75","2.98","33.73"
"2021-12-04","30.78","3.04","33.82"
"2021-12-05","30.81","3.10","33.91"
"2021-12-06","30.83","3.17","34.00"
"2021-12-07","30.85","3.24","34.09"
"2021-12-08","30.86","3.34","34.20"
"2021-12-09","30.86","3.41","34.27"
"2021-12-10","30.88","3.48","34.36"
"2021-12-11","30.88","3.54","34.42"
"2021-12-12","18.23","3.57","21.80"
"2021-12-13","18.26","3.61","21.87"
"2021-12-14","18.28","3.70","21.98"
"2021-12-15","18.31","3.76","22.07"
"2021-12-16","18.35","3.81","22.16"
"2021-12-17","18.38","3.89","22.27"
"2021-12-18","18.43","3.96","22.39"
"2021-12-19","18.46","4.01","22.47"
"2021-12-20","18.48","4.06","22.54"
"2021-12-21","18.48","4.14","22.62"
"2021-12-22","18.49","4.21","22.70"
"2021-12-23","18.51","4.31","22.82"
"2021-12-24","18.52","4.44","22.96"
"2021-12-25","18.53","4.54","23.07"
"2021-12-26","18.53","4.65","23.18"
"2021-12-27","18.54","4.78","23.32"
"2021-12-28","18.56","4.98","23.54"
"2021-12-29","18.58","5.19","23.77"
"2021-12-30","18.59","5.38","23.97"
"2021-12-31","18.60","5.51","24.11"
"2022-01-01","18.61","5.71","24.32"
"2022-01-02","18.62","5.86","24.48"
"2022-01-03","18.62","6.02","24.64"
"2022-01-04","18.64","6.18","24.82"
"2022-01-05","18.65","6.42","25.07"
"2022-01-06","18.68","6.59","25.27"
"2022-01-07","18.70","6.77","25.47"
"2022-01-08","18.73","6.99","25.72"
"2022-01-09","18.73","7.14","25.87"
"2022-01-10","18.74","7.28","26.02"
"2022-01-11","18.73","7.41","26.14"
"2022-01-12","18.74","7.56","26.30"
"2022-01-13","18.75","7.75","26.50"
"2022-01-14","18.73","7.97","26.70"
"2022-01-15","18.72","8.19","26.91"
"2022-01-16","18.74","8.33","27.07"
"2022-01-17","18.75","8.48","27.23"
"2022-01-18","18.77","8.64","27.41"
"2022-01-19","18.77","8.83","27.60"
"2022-01-20","18.78","8.98","27.76"
"2022-01-21","18.80","9.17","27.97"
"2022-01-22","18.82","9.40","28.22"
"2022-01-23","18.80","9.61","28.41"
"2022-01-24","18.76","9.80","28.56"
"2022-01-25","18.76","10.05","28.81"
"2022-01-26","18.75","10.35","29.10"
"2022-01-27","18.76","10.64","29.40"
"2022-01-28","18.73","11.00","29.73"
"2022-01-29","18.64","11.29","29.93"
"2022-01-30","18.58","11.62","30.20"
"2022-01-31","18.52","11.93","30.45"
"2022-02-01","18.50","12.26","30.76"
"2022-02-02","18.47","12.62","31.09"
"2022-02-03","18.45","13.08","31.53"
"2022-02-04","18.40","13.32","31.72"
"2022-02-05","18.34","13.53","31.87"
"2022-02-06","18.35","13.75","32.10"
"2022-02-07","18.35","13.97","32.32"
"2022-02-08","18.35","14.14","32.49"
"2022-02-09","18.35","14.34","32.69"
"2022-02-10","18.35","14.54","32.89"
"2022-02-11","18.36","14.76","33.12"
"2022-02-12","18.38","15.09","33.47"
"2022-02-13","18.39","15.45","33.84"
"2022-02-14","18.41","15.67","34.08"
"2022-02-15","18.45","15.89","34.34"
"2022-02-16","18.48","16.10","34.58"
"2022-02-17","18.52","16.39","34.91"
"2022-02-18","18.57","16.74","35.31"
"2022-02-19","18.60","17.02","35.62"
"2022-02-20","18.63","17.25","35.88"
"2022-02-21","18.64","17.54","36.18"
"2022-02-22","18.65","17.83","36.48"
"2022-02-23","18.67","18.27","36.94"
"2022-02-24","18.68","18.87","37.55"
"2022-02-25","18.70","19.41","38.11"
"2022-02-26","18.72","19.96","38.68"
"2022-02-27","18.72","20.53","39.25"
"2022-02-28","18.70","21.02","39.72"
"2022-03-01","18.73","21.35","40.08"
"2022-03-02","18.73","21.78","40.51"
"2022-03-03","18.73","22.42","41.15"
"2022-03-04","18.73","23.06","41.79"
"2022-03-05","18.73","23.60","42.33"
"2022-03-06","18.73","24.25","42.98"
"2022-03-07","18.73","24.90","43.63"
"2022-03-08","18.72","25.53","44.25"
"2022-03-09","18.73","26.14","44.87"
"2022-03-10","18.73","26.81","45.54"
"2022-03-11","18.72","27.69","46.41"
"2022-03-12","18.72","28.56","47.28"
"2022-03-13","18.72","29.49","48.21"
"2022-03-14","18.70","30.33","49.03"
"2022-03-15","18.72","31.14","49.86"
"2022-03-16","18.72","31.86","50.58"
"2022-03-17","18.59","32.36","50.95"
"2022-03-18","18.71","33.30","52.01"
"2022-03-19","18.71","34.24","52.95"
"2022-03-20","18.70","34.97","53.67"
"2022-03-21","18.65","35.67","54.32"
"2022-03-22","18.55","36.45","55.00"
"2022-03-23","18.52","37.36","55.88"
"2022-03-24","18.50","38.22","56.72"
"2022-03-25","18.40","39.03","57.43"
"2022-03-26","18.39","39.89","58.28"
"2022-03-27","18.29","40.74","59.03"
"2022-03-28","18.27","41.59","59.86"
"2022-03-29","18.17","42.64","60.81"
"2022-03-30","18.14","43.61","61.75"
"2022-03-31","14.66","36.07","50.73"
"2022-04-01","17.94","45.52","63.46"
"2022-04-02","17.94","46.52","64.46"
"2022-04-03","17.77","47.40","65.17"
"2022-04-04","17.68","48.21","65.89"
"2022-04-05","17.64","49.01","66.65"
"2022-04-06","17.54","49.48","67.02"
"2022-04-07","17.48","49.92","67.40"
"2022-04-08","17.39","50.32","67.71"
"2022-04-09","17.26","50.66","67.92"
"2022-04-10","17.19","51.03","68.22"
"2022-04-11","17.14","51.45","68.59"
"2022-04-12","17.10","51.87","68.97"
"2022-04-13","16.94","52.34","69.28"
"2022-04-14","16.88","52.78","69.66"
"2022-04-15","16.79","53.30","70.09"
"2022-04-16","16.66","53.84","70.50"
"2022-04-17","16.50","54.36","70.86"
"2022-04-18","16.35","54.83","71.18"
"2022-04-19","16.27","55.27","71.54"
"2022-04-20","16.15","55.73","71.88"
"2022-04-21","15.79","56.19","71.98"
"2022-04-22","15.53","56.73","72.26"
"2022-04-23","15.47","57.33","72.80"
"2022-04-24","15.15","58.32","73.47"
"2022-04-25","15.06","59.18","74.24"
"2022-04-26","14.98","60.10","75.08"
"2022-04-27","14.86","60.90","75.76"
"2022-04-28","14.61","61.49","76.10"
"2022-04-29","14.43","61.83","76.26"
"2022-04-30","14.32","62.21","76.53"
"2022-05-01","14.06","62.69","76.75"
"2022-05-02","13.94","63.35","77.29"
"2022-05-03","13.81","64.05","77.86"
"2022-05-04","13.36","64.87","78.23"
"2022-05-05","13.18","65.37","78.55"
"2022-05-06","13.07","65.73","78.80"
"2022-05-07","12.97","66.05","79.02"
"2022-05-08","12.61","66.54","79.15"
"2022-05-09","12.43","67.23","79.66"
"2022-05-10","12.34","68.02","80.36"
"2022-05-11","12.28","68.60","80.88"
"2022-05-12","12.18","69.23","81.41"
"2022-05-13","11.70","69.93","81.63"
"2022-05-14","11.58","70.68","82.26"
"2022-05-15","11.53","71.33","82.86"
"2022-05-16","11.35","72.15","83.50"
"2022-05-17","11.26","72.75","84.01"
"2022-05-18","11.21","73.76","84.97"
"2022-05-19","11.17","74.56","85.73"
"2022-05-20","11.17","75.23","86.40"
"2022-05-21","11.07","76.09","87.16"
"2022-05-22","11.00","77.06","88.06"
"2022-05-23","10.97","77.96","88.93"
"2022-05-24","10.97","78.77","89.74"
"2022-05-25","10.97","79.59","90.56"
"2022-05-26","10.97","80.27","91.24"
"2022-05-27","10.97","81.05","92.02"
"2022-05-28","10.97","81.76","92.73"
"2022-05-29","10.97","82.24","93.21"
"2022-05-30","10.97","82.69","93.66"
"2022-05-31","10.96","83.04","94.00"
"2022-06-01","10.92","83.23","94.15"
"2022-06-02","10.91","84.05","94.96"
"2022-06-03","10.90","84.76","95.66"
"2022-06-04","10.90","85.47","96.37"
"2022-06-05","10.88","86.17","97.05"
"2022-06-06","10.87","86.89","97.76"
"2022-06-07","10.85","87.70","98.55"
"2022-06-08","10.85","88.42","99.27"
"2022-06-09","10.84","89.27","100.11"
"2022-06-10","10.82","90.25","101.07"
"2022-06-11","10.82","91.33","102.15"
"2022-06-12","10.82","92.39","103.21"
"2022-06-13","10.81","93.51","104.32"
"2022-06-14","10.65","94.68","105.33"
"2022-06-15","10.64","95.97","106.61"
"2022-06-16","10.51","97.14","107.65"
"2022-06-17","10.41","98.29","108.70"
"2022-06-18","10.26","99.56","109.82"
"2022-06-19","10.02","100.58","110.60"
"2022-06-20","9.77","101.05","110.82"
"2022-06-21","9.42","101.67","111.09"
"2022-06-22","9.16","102.53","111.69"
"2022-06-23","9.01","103.42","112.43"
"2022-06-24","8.79","104.29","113.08"
"2022-06-25","8.58","105.08","113.66"
"2022-06-26","8.35","105.64","113.99"
"2022-06-27","8.22","106.38","114.60"
"2022-06-28","7.98","107.04","115.02"
"2022-06-29","7.63","107.54","115.17"
"2022-06-30","7.44","108.19","115.63"
"2022-07-01","7.28","108.65","115.93"
"2022-07-02","7.08","109.09","116.17"
"2022-07-03","6.78","109.77","116.55"
"2022-07-04","6.59","110.63","117.22"
"2022-07-05","6.15","111.36","117.51"
"2022-07-06","6.10","112.37","118.47"
"2022-07-07","5.83","113.05","118.88"
"2022-07-08","5.81","113.51","119.32"
"2022-07-09","5.80","113.96","119.76"
"2022-07-10","5.80","114.42","120.22"
"2022-07-11","5.79","114.69","120.48"
"2022-07-12","5.79","115.20","120.99"
"2022-07-13","5.78","115.50","121.28"
"2022-07-14","5.77","115.99","121.76"
"2022-07-15","5.76","116.41","122.17"
"2022-07-16","5.76","116.79","122.55"
"2022-07-17","5.76","117.14","122.90"
"2022-07-18","5.76","117.69","123.45"
"2022-07-19","5.76","118.10","123.86"
"2022-07-20","5.76","118.48","124.24"
"2022-07-21","5.76","118.99","124.75"
"2022-07-22","5.75","119.55","125.30"
"2022-07-23","5.75","120.19","125.94"
"2022-07-24","5.75","120.81","126.56"
"2022-07-25","5.75","121.39","127.14"
"2022-07-26","5.75","122.00","127.75"
"2022-07-27","5.75","122.61","128.36"
"2022-07-28","5.75","123.22","128.97"
"2022-07-29","5.74","123.95","129.69"
"2022-07-30","5.74","124.75","130.49"
"2022-07-31","5.74","125.34","131.08"
"2022-08-01","5.73","126.02","131.75"
"2022-08-02","5.73","126.85","132.58"
"2022-08-03","5.72","127.66","133.38"
"2022-08-04","5.71","128.53","134.24"
"2022-08-05","5.70","129.48","135.18"
"2022-08-06","5.68","130.43","136.11"
"2022-08-07","5.67","131.41","137.08"
"2022-08-08","5.66","132.50","138.16"
"2022-08-09","5.65","133.61","139.26"
"2022-08-10","5.63","135.19","140.82"
"2022-08-11","5.61","136.07","141.68"
"2022-08-12","5.59","137.10","142.69"
"2022-08-13","5.57","137.89","143.46"
"2022-08-14","5.56","138.50","144.06"
"2022-08-15","5.53","138.99","144.52"
"2022-08-16","5.51","139.50","145.01"
"2022-08-17","5.49","140.34","145.83"
"2022-08-18","5.46","141.56","147.02"
"2022-08-19","5.44","142.61","148.05"
"2022-08-20","5.41","143.74","149.15"
"2022-08-21","5.38","145.03","150.41"
"2022-08-22","5.35","146.47","151.82"
"2022-08-23","5.32","147.69","153.01"
"2022-08-24","5.29","149.41","154.70"
"2022-08-25","5.26","150.79","156.05"
"2022-08-26","5.23","151.92","157.15"
"2022-08-27","5.20","153.06","158.26"
"2022-08-28","5.17","154.03","159.20"
"2022-08-29","5.13","155.22","160.35"
"2022-08-30","5.09","156.52","161.61"
"2022-08-31","5.05","157.85","162.90"
"2022-09-01","5.03","159.16","164.19"
"2022-09-02","5.01","160.23","165.24"
"2022-09-03","4.97","161.25","166.22"
"2022-09-04","4.94","162.70","167.64"
"2022-09-05","4.91","163.84","168.75"
"2022-09-06","4.87","164.79","169.66"
"2022-09-07","4.83","166.13","170.96"
"2022-09-08","4.78","167.44","172.22"
"2022-09-09","4.74","168.63","173.37"
"2022-09-10","4.68","169.86","174.54"
"2022-09-11","4.63","171.19","175.82"
"2022-09-12","4.56","172.52","177.08"
"2022-09-13","4.51","173.78","178.29"
"2022-09-14","4.45","175.12","179.57"
"2022-09-15","4.44","176.75","181.19"
"2022-09-16","4.42","178.43","182.85"
"2022-09-17","4.40","180.06","184.46"
"2022-09-18","4.36","181.52","185.88"
"2022-09-19","4.32","183.23","187.55"
"2022-09-20","4.30","185.59","189.89"
"2022-09-21","4.27","187.49","191.76"
"2022-09-22","4.26","189.49","193.75"
"2022-09-23","4.25","191.27","195.52"
"2022-09-24","4.24","192.79","197.03"
"2022-09-25","4.23","194.60","198.83"
"2022-09-26","4.22","196.39","200.61"
"2022-09-27","4.20","198.32","202.52"
"2022-09-28","4.20","200.33","204.53"
"2022-09-29","4.18","202.57","206.75"
"2022-09-30","4.17","204.65","208.82"
"2022-10-01","4.16","206.67","210.83"
"2022-10-02","4.14","208.97","213.11"
"2022-10-03","4.14","211.19","215.33"
"2022-10-04","4.13","213.53","217.66"
"2022-10-05","4.12","216.46","220.58"
"2022-10-06","4.10","219.34","223.44"
"2022-10-07","4.09","222.52","226.61"
"2022-10-08","4.08","225.59","229.67"
"2022-10-09","4.07","228.13","232.20"
"2022-10-10","4.06","230.61","234.67"
"2022-10-11","4.05","233.41","237.46"
"2022-10-12","4.04","236.35","240.39"
"2022-10-13","4.03","238.56","242.59"
"2022-10-14","4.03","240.84","244.87"
"2022-10-15","4.02","243.45","247.47"
"2022-10-16","4.01","246.01","250.02"
"2022-10-17","4.01","248.60","252.61"
"2022-10-18","4.01","251.04","255.05"
"2022-10-19","4.01","253.91","257.92"
"2022-10-20","4.00","256.32","260.32"
"2022-10-21","3.99","258.90","262.89"
"2022-10-22","3.98","261.20","265.18"
"2022-10-23","3.97","262.98","266.95"
"2022-10-24","3.96","265.06","269.02"
"2022-10-25","3.95","266.90","270.85"
"2022-10-26","3.94","268.89","272.83"
"2022-10-27","3.93","271.56","275.49"
"2022-10-28","3.92","274.92","278.84"
"2022-10-29","3.92","278.78","282.70"
"2022-10-30","3.91","282.00","285.91"
"2022-10-31","3.90","285.37","289.27"
"2022-11-01","3.89","288.35","292.24"
"2022-11-02","3.88","290.70","294.58"
"2022-11-03","3.88","293.39","297.27"
"2022-11-04","3.88","295.43","299.31"
"2022-11-05","3.88","296.96","300.84"
"2022-11-06","3.87","298.41","302.28"
"2022-11-07","3.85","299.87","303.72"
