,rb_onboard_power,renewal_rate,fil_plus_rate
0,8.943283,0.589401,0.140537
1,9.725459,0.6193213,0.27086505
2,9.64773,0.6120616,0.116657466
3,10.542575,0.6442339,0.12785834
4,9.948843,0.61687547,0.125688
5,7.392182,0.5986057,0.42247683
6,10.072937,0.6143013,0.31357816
7,11.576119,0.5768458,0.11471307
8,10.151178,0.61323166,0.101053424
9,16.965408,0.595526,0.06654368
10,9.0590925,0.5810011,0.24044193
11,12.638593,0.6935983,0.064228155
12,14.214109,0.50609404,0.11383564
13,14.827748,0.62726635,0.07314103
14,9.558473,0.5945356,0.14698781
15,7.8655043,0.58761334,0.30195493
16,9.498244,0.14547186,0.15779825
17,10.780965,0.6212759,0.07568076
18,9.432664,0.5774764,0.27040082
19,7.543377,0.65537465,0.2683669
20,8.963748,0.61418414,0.22325419
21,8.836623,0.60385895,0.20511247
22,9.219912,0.5881993,0.12014123
23,10.715514,0.6099354,0.09892163
24,13.892483,0.5739734,0.13719825
25,9.889583,0.61124384,0.12168713
26,8.8761,0.59773284,0.14726032
27,8.740781,0.5750271,0.24136148
28,9.582036,0.60280365,0.10912702
29,8.8658085,0.6291549,0.06611591
30,9.941511,0.57576305,0.20821059
31,9.573172,0.6030653,0.1979591
32,11.577317,0.6135208,0.13721049
33,10.323741,0.6022291,0.095297396
34,9.381254,0.61370057,0.16190152
35,9.305147,0.6346745,0.13705121
36,10.4516115,0.6032808,0.20349771
37,10.734078,0.61998373,0.1306494
38,10.531435,0.60894907,0.16577074
39,13.396322,0.5940923,0.12511855
40,9.597743,0.43512675,0.16896904
41,9.779937,0.6288381,0.15483184
42,10.737508,0.6085365,0.1255273
43,10.954548,0.57910067,0.21446037
44,10.073543,0.65063083,0.10807087
45,9.9604225,0.6230045,0.097528495
46,11.022981,0.7123005,0.13162477
47,9.557428,0.5970771,0.13373601
48,9.428828,0.6083966,0.13310857
49,9.146474,0.80543995,0.16726267
50,7.935376,0.528642,0.18064456
51,10.105387,0.5909248,0.18755499
52,12.052057,0.5858988,0.13611759
53,9.235372,0.5474904,0.13536693
54,10.814177,0.62306184,0.076648474
55,8.8567915,0.5830651,0.2610191
56,9.016583,0.68006116,0.14831986
57,9.67373,0.61704564,0.1191065
58,14.932511,0.58646905,0.12920904
59,11.602081,0.5634912,0.112203404
60,9.239996,0.5776336,0.20072539
61,9.548844,0.55645216,0.17796743
62,10.660234,0.6247714,0.14000975
63,10.989541,0.7473259,0.22787632
64,10.585939,0.6030439,0.09678887
65,11.631273,0.3913184,0.12196833
66,10.164646,0.6750406,0.15407407
67,9.608942,0.4877538,0.2640064
68,9.932736,0.5936193,0.15338948
69,9.822797,0.7238139,0.17270947
70,9.418176,0.7218782,0.11133063
71,9.881666,0.6313098,0.2163349
72,10.682377,0.6036928,0.1352519
73,7.353766,0.59644246,0.21253376
74,7.5470953,0.5986327,0.29207507
75,10.484234,0.629942,0.21374474
76,9.740215,0.55501324,0.11215681
77,10.245827,0.5866198,0.13905314
78,10.29257,0.6089667,0.11715669
79,6.948625,0.6237074,0.2293395
80,11.3078785,0.6052091,0.09408134
81,10.115248,0.5848728,0.12969825
82,9.381078,0.59065545,0.189087
83,7.9514117,0.60873663,0.29715142
84,9.428313,0.5947264,0.165465
85,10.479033,0.5910575,0.13777179
86,10.355835,0.37843978,0.14936611
87,9.8703,0.5860593,0.11511175
88,10.423055,0.58518755,0.099721976
89,12.620211,0.6020036,0.14686796
90,11.426408,0.5877433,0.09382372
91,10.55298,0.58053386,0.08183579
92,8.40847,0.6175522,0.15776831
93,9.631812,0.6179257,0.14294653
94,9.003726,0.6507827,0.19418824
95,8.874839,0.5806056,0.11669057
96,11.799947,0.6048833,0.070447445
97,9.643221,0.5950801,0.16904916
98,9.4837055,0.612631,0.0931349
99,9.953318,0.601541,0.12526397
100,8.335689,0.62710047,0.21628214
101,10.700674,0.6134147,0.18024856
102,8.9061165,0.57992244,0.19803798
103,10.767843,0.59646976,0.0945632
104,10.774148,0.57516485,0.12454742
105,10.588014,0.37800497,0.15249683
106,8.288547,0.5967061,0.19203624
107,9.526155,0.8716206,0.17114066
108,12.163171,0.61691415,0.16634072
109,7.441319,0.5774578,0.29625237
110,9.710254,0.60939646,0.2314785
111,9.242989,0.5306752,0.14318265
112,9.81935,0.598137,0.17193456
113,8.794293,0.6008506,0.14212553
114,7.893138,0.57922375,0.16141702
115,8.904654,0.61450875,0.12004785
116,6.9607534,0.6079132,0.25245628
117,10.043082,0.63689095,0.18513003
118,9.560993,0.588094,0.13727386
119,10.862278,0.58540094,0.11242148
120,9.188704,0.5715617,0.11431258
121,10.152134,0.58667666,0.18532608
122,8.424965,0.5940249,0.19168004
123,12.123646,0.6125021,0.29651693
124,9.537948,0.6051513,0.09995022
125,9.371599,0.587932,0.12509362
126,10.633951,0.6263289,0.116170436
127,8.364819,0.5408698,0.16077204
128,12.068651,0.59437716,0.11990812
129,9.094911,0.58421606,0.21450254
130,9.856038,0.5941013,0.13888569
131,11.64704,0.58595794,0.2313184
132,9.242449,0.59860927,0.18822452
133,7.8696218,0.59183854,0.23850292
134,9.456742,0.6623489,0.14215678
135,10.038981,0.6259358,0.21464506
136,7.7335553,0.7064673,0.27542245
137,8.721841,0.6010143,0.19267735
138,10.38715,0.60540456,0.08796152
139,10.39491,0.5756227,0.50261736
140,9.81498,0.5909233,0.19026531
141,10.932196,0.5976116,0.17413422
142,10.087211,0.5780541,0.21044521
143,9.502718,0.5880409,0.14859577
144,9.53999,0.6058217,0.16665098
145,11.188793,0.59669596,0.16518418
146,9.684833,0.562144,0.28545746
147,11.378249,0.6121167,0.061906032
148,10.082262,0.636823,0.15724178
149,20.125515,0.5899141,0.08854202
150,10.528834,0.57428336,0.061140865
151,9.044866,0.5998553,0.2517076
152,9.871806,0.55485713,0.07538352
153,12.3018465,0.61488587,1.0
154,9.8577795,0.5945236,0.030035475
155,10.519834,0.60534245,0.015925113
156,10.217965,0.5732842,0.004392586
157,8.380848,0.6934057,0.0003253687
158,10.316123,0.58635736,0.1724209
159,10.117658,0.5829588,0.18769364
160,10.172244,0.5989812,0.18076277
161,8.447841,0.57040536,0.21652727
162,10.228327,0.59095234,0.023167258
163,9.359198,0.60607284,0.17575237
164,10.471932,0.6262869,0.163852
165,9.506006,0.5603589,0.21464162
166,10.414313,0.5510769,0.13108207
167,10.677626,0.65787446,0.1880016
168,9.568179,0.63592225,0.085944906
169,9.7049,0.62508386,0.11651834
170,9.992745,0.5714683,0.27178648
171,10.791187,0.5994316,0.20549628
172,10.238193,0.6766831,0.13857657
173,10.186806,0.6454443,0.11409892
174,9.771574,0.5812202,0.1066737
175,9.672323,0.58794296,0.30613708
176,9.671675,0.6057325,0.14817798
177,9.670058,0.5961334,0.19744459
178,9.875973,0.5931156,0.062691756
179,7.6275406,0.60876024,0.3925375
180,10.518901,0.6551057,0.13866206
181,10.039324,0.5925149,0.12973163
182,10.983067,0.58780885,0.30135316
183,8.967288,0.59899604,0.19150919
184,10.19444,0.63815176,0.23295584
185,8.283921,0.5277062,0.19338435
186,9.576328,0.61719304,0.14698362
187,11.021911,0.6396043,0.17627028
188,11.356993,0.6348312,0.13447212
189,9.787227,0.6329883,0.14028117
190,9.238805,0.6206655,0.0947081
191,9.7112465,0.6183272,0.15875669
192,10.725002,0.6083884,0.14839786
193,11.03269,0.48353264,0.13015802
194,9.51283,0.6350652,0.12415668
195,11.764241,0.53428835,0.20382579
196,9.476301,0.58831173,0.23591287
197,8.977866,0.59297645,0.16370507
198,9.767426,0.55932444,0.14972821
199,9.835834,0.594192,0.119859405
200,10.911551,0.62845534,0.123456575
201,9.465002,0.5254083,0.14310466
202,8.569142,0.58097386,0.13068536
203,10.587686,0.4949195,0.1842221
204,7.9335847,0.7414636,0.2070518
205,10.977592,0.6119737,0.12803642
206,9.25716,0.5856329,0.13894364
207,7.970092,0.5862727,0.15628286
208,6.4678373,0.5840225,0.20802408
209,8.641036,0.70345664,0.18014216
210,10.61835,0.5616818,0.14006008
211,10.696435,0.6399339,0.29084527
212,6.64164,0.6136021,0.37939397
213,10.173321,0.5945812,0.16981167
214,9.129817,0.53387314,0.13648234
215,10.723877,0.6006096,0.1312425
216,8.660211,0.61353195,0.24754694
217,9.779943,0.61049205,0.22032467
218,9.209118,0.601988,0.32086274
219,11.419019,0.58940786,0.14367263
220,9.5934515,0.61676425,0.17072305
221,9.4309635,0.57267195,0.18121092
222,9.582591,0.6209977,0.17480624
223,10.3051,0.5743545,0.12016064
224,10.694438,0.51558304,0.17593265
225,9.602198,0.6268511,0.10535371
226,8.498186,0.6081563,0.16319789
227,8.977675,0.58181393,0.18995875
228,8.089976,0.55146736,0.20371383
229,8.618051,0.5662808,0.18565366
230,9.877245,0.67839116,0.16628958
231,9.684484,0.61329883,0.19038475
232,8.200998,0.595331,0.2085947
233,10.459045,0.6333225,0.13666837
234,9.992281,0.6059719,0.12084996
235,11.516595,0.5750848,0.13298802
236,12.926389,0.62023115,0.13393687
237,8.095749,0.64401144,0.25716075
238,9.761348,0.60081655,0.15441081
239,8.868929,0.59525514,0.16302241
240,7.8149877,0.57880116,0.24328744
241,9.840227,0.5839324,0.19886066
242,8.392788,0.61510617,0.12098074
243,11.515996,0.59922886,0.10111476
244,8.309244,0.5911108,0.20538062
245,9.589036,0.5687362,0.14259593
246,10.663254,0.6271727,0.12109546
247,10.169516,0.5949482,0.16036998
248,9.780958,0.6208789,0.15019226
249,9.49567,0.6382011,0.1549492
250,8.734031,0.5479635,0.11879269
251,9.812778,0.5512504,0.109484196
252,9.583073,0.587695,0.18744676
253,9.976258,0.5750744,0.2856978
254,10.667473,0.5603059,0.1597617
255,9.732891,0.5608977,0.14159782
256,9.489464,0.65553343,0.12817582
257,11.375174,0.6073523,0.089598246
258,10.979241,0.5966177,0.14917552
259,8.944037,0.628621,0.07196307
260,9.717203,0.63384825,0.20362547
261,7.696789,0.62176985,0.19926332
262,10.659431,0.5663174,0.075758114
263,9.757848,0.68607986,0.14541808
264,13.494169,0.615705,0.077318676
265,9.909978,0.6521616,0.098384246
266,9.004568,0.62991744,0.19079821
267,11.144019,0.64628506,0.07220178
268,8.71278,0.58880633,0.10236862
269,7.856457,0.62367284,0.2974622
270,11.047952,0.611433,0.1255353
271,12.348299,0.61730194,0.1575316
272,10.15409,0.5933809,0.19504301
273,9.454202,0.59339905,0.17438532
274,11.067448,0.5832138,0.303863
275,9.238028,0.5909457,0.14103203
276,10.897764,0.5670092,0.19111562
277,10.64744,0.58641946,0.17169046
278,9.71344,0.5774316,0.10291263
279,9.68694,0.6003825,0.18470983
280,9.806966,0.58971906,0.23992811
281,9.602818,0.5601586,0.11376791
282,11.064822,0.5919894,0.15639853
283,10.746198,0.59953654,0.12128456
284,9.656413,0.6267848,0.09305149
285,8.158449,0.57079715,0.12701899
286,9.288663,0.6174601,0.18435737
287,10.5369005,0.52818483,0.13510798
288,12.061615,0.66919017,0.15878813
289,10.466132,0.6900243,0.096689664
290,11.945305,0.6707742,0.128662
291,9.006416,0.6254808,0.14724943
292,8.88144,0.57927585,0.2634812
293,5.823581,0.6163364,0.26946914
294,13.53755,0.6150386,0.17329852
295,9.689867,0.64373887,0.07689542
296,8.962968,0.58250004,0.16566028
297,8.868201,0.5909879,0.20101853
298,9.016644,0.57447684,0.1896882
299,9.9829445,0.59946626,0.19925493
300,10.6333475,0.5890526,0.12567522
301,8.107292,0.6187924,0.20890272
302,7.4542,0.59180695,0.2826317
303,10.287543,0.5792396,0.1630556
304,9.010916,0.8147524,0.25030875
305,9.473446,0.5470368,0.12736936
306,7.1663747,0.61125386,0.229267
307,9.140976,0.89891595,0.16541924
308,9.724542,0.5407688,0.11312933
309,8.0889845,0.69309497,0.426223
310,9.876235,0.59064615,0.1525519
311,9.659757,0.62975335,0.14983682
312,9.572772,0.5519218,0.15133849
313,9.048903,0.5914319,0.24200583
314,8.341338,0.4475837,0.13032863
315,11.532696,0.5815299,0.12464981
316,10.786383,0.5365742,0.14140898
317,8.783276,0.6017449,0.117396
318,9.781075,0.6044378,0.17404701
319,9.701502,0.5615957,0.1538679
320,9.864774,0.585693,0.18304037
321,6.531603,0.67814267,0.25242895
322,9.675712,0.59535784,0.20173581
323,9.894184,0.59511167,0.13330755
324,10.51254,0.6602569,0.14638178
325,11.347311,0.5206858,0.124234125
326,8.260673,0.6341867,0.13667424
327,9.793155,0.6029441,0.16858992
328,11.603415,0.37007868,0.15975858
329,9.491458,0.5771453,0.14871436
330,9.756826,0.6409705,0.08505384
331,9.305333,0.60610753,0.17752717
332,10.896688,0.6120199,0.24962503
333,10.348668,0.6195906,0.2963538
334,7.459891,0.61117625,0.2333348
335,9.766469,0.6119519,0.18690343
336,9.201581,0.5986063,0.11440738
337,10.487122,0.59144706,0.16129929
338,12.074004,0.61059093,0.1532543
339,10.061695,0.5783983,0.103868574
340,12.356713,0.5006762,0.12479436
341,9.512199,0.57315105,0.19764315
342,9.776706,0.5942186,0.11813331
343,10.499348,0.6029559,0.12348832
344,8.342826,0.58468163,0.16998339
345,9.002657,0.6003134,0.2563623
346,11.3409605,0.61315167,0.15508458
347,9.963318,0.58743006,0.1290275
348,10.683997,0.5953534,0.20754609
349,10.154971,0.6595924,0.1479511
350,7.855918,0.5846598,0.14004888
351,11.673983,0.60193086,0.15781423
352,9.700759,0.5930955,0.13325775
353,10.122671,0.6686993,0.18224996
354,9.848688,0.58879167,0.13824819
355,13.433154,0.67107505,0.108565085
356,9.711003,0.60359156,0.15380271
357,11.349441,0.5489653,0.10694561
358,7.726189,0.5916026,0.24524264
359,14.295387,0.5912679,0.10334359
360,10.392553,0.5789976,0.16569585
361,10.660326,0.5793215,0.26828837
362,7.602406,0.5868806,0.13032801
363,10.419066,0.5859848,0.14420511
364,9.293081,0.611537,0.18161398
365,12.063413,0.60418797,0.11247112
366,9.791344,0.7585884,0.15731049
367,8.863124,0.56735957,0.19662483
368,9.901823,0.7021818,0.2295459
369,12.440754,0.67815596,0.11681794
370,11.121042,0.50209355,0.1587398
371,6.832949,0.505614,0.14775844
372,11.447511,0.54295444,0.14902386
373,11.170016,0.57151556,0.08740872
374,9.159866,0.59283197,0.13955441
375,9.535329,0.59823084,0.14185002
376,12.926509,0.5076559,0.12754786
377,9.714996,0.63480574,0.18733741
378,10.103477,0.6268138,0.17507729
379,9.184157,0.5950532,0.23762542
380,9.653862,0.64407235,0.26507655
381,9.210194,0.6316649,0.1586576
382,9.402688,0.57557714,0.21463834
383,8.54647,0.6321709,0.23667055
384,10.819007,0.6018825,0.1038788
385,10.300283,0.6122044,0.0826382
386,10.890814,0.5925911,0.16193971
387,7.3852406,0.4968013,0.2635864
388,11.749402,0.56945264,0.19982213
389,10.0840435,0.5136015,0.23789355
390,8.139481,0.5999921,0.20657976
391,9.060546,0.6154317,0.1418384
392,9.434836,0.58665186,0.15188834
393,10.584506,0.5912235,0.16470747
394,11.098845,0.62472063,0.09751219
395,10.389087,0.59891003,0.1307447
396,10.721727,0.65303624,0.13402045
397,11.612595,0.62154526,0.104443304
398,7.6696596,0.5891253,0.16458225
399,9.665931,0.5738748,0.06288478
400,12.465909,0.60830253,0.09270429
401,9.455457,0.5909263,0.09083365
402,9.191706,0.66850114,0.1727638
403,9.522086,0.6071279,0.15019707
404,11.284536,0.6514704,0.13128605
405,10.906337,0.60118955,0.077116415
406,8.704593,0.6274451,0.12063166
407,9.303674,0.5794697,0.19645894
408,9.168132,0.6012013,0.136729
409,8.903248,0.6152172,0.05391395
410,10.589359,0.60377216,0.13280755
411,8.685958,0.5840044,0.19330008
412,10.154013,0.6107907,0.15786083
413,9.89716,0.6193198,0.19153677
414,11.594651,0.5957437,0.15988961
415,9.655345,0.60068417,0.19288844
416,10.05024,0.6310634,0.19706033
417,10.877037,0.6194169,0.13460875
418,10.342228,0.5787701,0.0896966
419,9.499608,0.607046,0.17208262
420,8.530812,0.66744506,0.14346664
421,9.753145,0.62424755,0.11616977
422,8.652534,0.7588832,0.14805387
423,10.208471,0.69100994,0.227744
424,9.954008,0.71580917,0.09302714
425,10.629021,0.67410034,0.20741293
426,9.487277,0.62401575,0.10066574
427,10.325292,0.5929824,0.177274
428,10.315081,0.58909786,0.10759081
429,8.525866,0.5987761,0.10772702
430,10.132864,0.6058416,0.24463634
431,9.543735,0.60636294,0.27469856
432,9.438357,0.6217852,0.13596207
433,11.078424,0.59767145,0.14886254
434,8.454571,0.60143745,0.20882857
435,8.593792,0.607246,0.21893428
436,8.645293,0.5938475,0.17836891
437,13.439376,0.62084705,0.10934462
438,9.774904,0.61875916,0.10524454
439,10.014158,0.6091608,0.1469263
440,9.711798,0.5925483,0.095321186
441,11.238194,0.6222599,0.13020313
442,9.449341,0.5590726,0.14069577
443,9.498654,0.5799206,0.23359874
444,11.344233,0.5789684,0.13981205
445,11.329169,0.5982214,0.14127402
446,10.121257,0.601021,0.118000165
447,10.041263,0.6647986,0.14188008
448,8.022357,0.59107167,0.14633022
449,11.479345,0.6367248,0.077307455
450,8.796506,0.5973617,0.25218016
451,11.32135,0.5743759,0.16728674
452,10.270915,0.60289186,0.111175634
453,12.453248,0.57793313,0.15581203
454,7.6672993,0.572128,0.09058667
455,10.327515,0.63075596,0.13245027
456,9.905285,0.5927828,0.10713312
457,10.13723,0.7173722,0.092131995
458,7.5198946,0.6030979,0.2229128
459,11.0934,0.5955052,0.11695542
460,9.841548,0.6032907,0.14863323
461,12.236256,0.63289714,0.114154585
462,12.260289,0.6155425,0.12572215
463,10.8617735,0.61580104,0.22103597
464,9.756661,0.60227853,0.19479005
465,9.51663,0.6821147,0.18090512
466,11.314509,0.58594686,0.13679145
467,12.484105,0.5957129,0.11966373
468,9.73963,0.35464773,0.118772656
469,10.079865,0.60203534,0.15247479
470,14.701667,0.6256694,0.13569663
471,9.33824,0.5938193,0.12605117
472,8.984617,0.4952096,0.12212381
473,9.306081,0.6503695,0.15571047
474,8.689207,0.60460377,0.1932736
475,8.899127,0.5969484,0.22096485
476,10.716046,0.5985216,0.15519822
477,9.90608,0.5915292,0.116064034
478,10.109399,0.6292187,0.21784066
479,8.662129,0.5569759,0.1406244
480,7.549039,0.6193652,0.20524913
481,8.67479,0.6056486,0.13795532
482,11.394111,0.6238527,0.14251152
483,9.796322,0.5875311,0.124375
484,8.021632,0.645794,0.12416861
485,14.544473,0.53762007,0.15375005
486,5.764918,0.5868481,0.3304466
487,10.039752,0.6307114,0.086242355
488,9.441828,0.5873939,0.27669194
489,7.5722237,0.5547191,0.14603427
490,9.078632,0.5967289,0.20236664
491,9.206899,0.48651284,0.112126365
492,8.9975,0.58715194,0.18983395
493,11.219784,0.58741933,0.13025527
494,10.854343,0.60800886,0.09824127
495,11.723941,0.60369027,0.08941683
496,9.445759,0.6455566,0.07745481
497,10.21873,0.56484306,0.14329498
498,9.230465,0.57458377,0.16112228
499,9.464975,0.5763803,0.14452781
500,10.264797,0.60165423,0.1678341
501,8.117605,0.5993197,0.16678105
502,9.333576,0.570483,0.096955955
503,9.454709,0.6434561,0.16962148
504,8.577874,0.7342217,0.1478533
505,10.437458,0.5976495,0.18317325
506,7.2008986,0.6459171,0.25096694
507,10.563241,0.6486106,0.16813557
508,5.606104,0.60083073,0.3609509
509,9.85906,0.58319986,0.10831982
510,9.300747,0.5990457,0.12720561
511,10.310984,0.61402327,0.1306517
512,9.589211,0.60457116,0.2484428
513,9.625425,0.58071196,0.12921663
514,10.62767,0.5974333,0.1112114
515,11.491337,0.6047642,0.10959372
516,10.523727,0.59488416,0.11941531
517,10.9262,0.59798795,0.10346983
518,8.225926,0.65707403,0.22979863
519,9.957429,0.5715586,0.2016777
520,10.601336,0.60687166,0.21194136
521,13.769005,0.6161337,0.10860084
522,10.632054,0.61673796,0.16439645
523,10.1758795,0.5927027,0.18183486
524,11.277395,0.6130957,0.075042844
525,11.095,0.57730633,0.21208142
526,11.531893,0.59483325,0.17427799
527,6.017373,0.60414636,0.40493405
528,10.168861,0.5908334,0.13362162
529,6.9028473,0.604223,0.19277488
530,9.952041,0.63110805,0.117440015
531,9.720649,0.613012,0.11364984
532,9.70677,0.60927683,0.1431446
533,10.915717,0.625103,0.20432606
534,10.534502,0.61923164,0.17659359
535,8.783566,0.60179067,0.14278851
536,9.327166,0.57798755,0.16672716
537,10.183142,0.6160671,0.22181928
538,9.877769,0.470798,0.19964944
539,8.948521,0.5738711,0.15979725
540,9.294457,0.6021004,0.15584335
541,10.69132,0.48308438,0.0982912
542,11.260777,0.595706,0.09766615
543,11.031664,0.6827165,0.11089392
544,10.290029,0.6360125,0.1612346
545,10.17688,0.5988172,0.147098
546,10.45072,0.5623394,0.10393442
547,9.967728,0.5444466,0.23555312
548,9.533872,0.6022442,0.27184236
549,9.4833555,0.62399143,0.07612584
550,6.320777,0.5936927,0.25569248
551,11.468179,0.61046714,0.2550828
552,8.599535,0.62775666,0.1861462
553,11.469226,0.59715587,0.18561886
554,8.574816,0.56178933,0.17717777
555,6.817713,0.5614644,0.23960339
556,8.799499,0.56943053,0.21709189
557,8.792912,0.6031379,0.13458268
558,9.212533,0.7096052,0.1553645
559,10.320566,0.631305,0.11435558
560,10.712896,0.6034723,0.1384822
561,9.034271,0.65022975,0.06814957
562,9.003932,0.6090354,0.18325756
563,7.385069,0.60679156,0.1442193
564,11.979465,0.6114037,0.20008674
565,11.718279,0.6212359,0.14153327
566,8.953467,0.6237709,0.41150796
567,7.8912416,0.6264695,0.14145777
568,12.823988,0.58609116,0.12957942
569,20.058384,0.6595285,0.08466062
570,9.232448,0.5993814,0.15720403
571,10.272015,0.6064234,0.0783108
572,10.567989,0.55665934,0.23617378
573,10.677923,0.605983,0.10981073
574,8.220169,0.6716406,0.19104382
575,7.5033092,0.60571235,0.14747052
576,8.385409,0.6257875,0.11370764
577,8.997406,0.6169033,0.16171978
578,11.494592,0.6046127,0.19048457
579,7.851999,0.6335081,0.35503408
580,11.739549,0.2599624,0.13937482
581,6.0496445,0.6070269,0.37226856
582,10.216204,0.59914523,0.14628641
583,10.253253,0.64135635,0.18503872
584,11.301663,0.54142565,0.15870708
585,10.809192,0.5724515,0.1804766
586,9.229179,0.63063884,0.19526726
587,9.374931,0.59538966,0.20003952
588,10.536985,0.5756429,0.1582783
589,10.527782,0.5250547,0.098432936
590,9.741492,0.57204473,0.13728806
591,8.64295,0.8579395,0.21538883
592,9.121532,0.62179184,0.14952658
593,10.914403,0.5895014,0.11633958
594,7.7985787,0.49904966,0.17222339
595,7.3029284,0.64246696,0.24399374
596,10.697437,0.583682,0.16070445
597,9.386407,0.60788304,0.13887581
598,10.940148,0.6129144,0.16558142
599,7.8073072,0.5207755,0.20459935
600,10.613827,0.5999252,0.22825724
601,8.639176,0.6087399,0.25043172
602,8.275054,0.5797064,0.7386227
603,9.761419,0.62442595,0.59970224
604,10.494448,0.53576887,0.104083605
605,8.969124,0.58746415,0.1737153
606,9.549716,0.6107483,0.18651168
607,9.958075,0.6230817,0.12978199
608,13.958702,0.5818837,0.0781541
609,7.464864,0.60975254,0.08818299
610,9.476172,0.6369611,0.20225555
611,9.661979,0.6024374,0.13912894
612,10.40078,0.6098316,0.117020376
613,9.111812,0.57240385,0.08761096
614,10.860748,0.5811678,0.11280666
615,10.854603,0.56176764,0.11046878
616,7.6492376,0.6207848,0.09505853
617,9.951218,0.58970517,0.17868645
618,11.49012,0.5748631,0.15602499
619,9.321374,0.5997873,0.2480475
620,8.981681,0.5983435,0.12728095
621,6.032903,0.6119784,0.1883056
622,9.449629,0.6039383,0.14813067
623,9.823991,0.60042673,0.17196053
624,10.90094,0.6162125,0.061697748
625,10.523301,0.6211195,0.15790792
626,10.125667,0.68882984,0.1956641
627,11.701138,0.62108207,0.10907786
628,10.947436,0.63548726,0.14346923
629,5.1954346,0.61222976,0.28699878
630,6.7428956,0.52019626,0.14580056
631,10.589463,0.60003126,0.118926615
632,18.296589,0.59998184,0.08515112
633,10.581041,0.54953617,0.11762769
634,11.780908,0.58855546,0.067068405
635,9.655761,0.6264942,0.18477081
636,9.529501,0.59315085,0.2131232
637,9.033337,0.5749503,0.2449656
638,10.375211,0.43549806,0.17908733
639,9.484192,0.6172517,0.09318172
640,10.1320715,0.56483084,0.20348266
641,7.5829444,0.5988334,0.14378795
642,9.587449,0.6043369,0.15511233
643,12.446584,0.5285635,0.26068267
644,11.078617,0.5946557,0.14256854
645,9.415035,0.549962,0.1260483
646,11.069355,0.6051752,0.14263867
647,9.969472,0.5803775,0.14748076
648,8.5215225,0.894275,0.18226136
649,9.139891,0.62807673,0.11491987
650,9.366685,0.61764807,0.18449564
651,10.1435375,0.56511724,0.14931428
652,8.782873,0.6151209,0.46535522
653,9.805537,0.6116144,0.13044299
654,9.77263,0.5414386,0.17356859
655,9.285787,0.6459928,0.16518812
656,15.374523,0.6023372,0.067778766
657,9.414638,0.57512873,0.19957446
658,10.1497135,0.6056763,0.10259757
659,7.4508452,0.604804,0.2130145
660,9.549004,0.604081,0.25790793
661,4.850804,0.6120682,0.2979131
662,9.430183,0.5460499,0.162608
663,9.357045,0.6188793,0.2371467
664,12.134116,0.5931582,0.119363755
665,10.389052,0.54531634,0.17768303
666,5.234783,0.60881835,0.2974639
667,11.414808,0.6095162,0.2860152
668,10.972707,0.5797357,0.17948383
669,13.822055,0.53241843,0.13769297
670,10.087519,0.6068852,0.17237823
671,10.174463,0.5603209,0.1310185
672,9.093172,0.61879545,0.1584421
673,8.511486,0.59585017,0.17400192
674,9.849444,0.59028107,0.20835173
675,7.2322206,0.6257366,0.13689986
676,12.80068,0.6516076,0.028427694
677,9.743235,0.6015967,0.06406529
678,10.053674,0.5521932,0.13802002
679,11.3644905,0.537079,0.14066564
680,9.337249,0.58550996,0.093202055
681,9.62348,0.6024169,0.14029852
682,9.425216,0.7103193,0.14305878
683,9.939447,0.5866441,0.15320694
684,9.482688,0.57038516,0.20329523
685,9.392893,0.7067695,0.1776247
686,10.181357,0.5783825,0.25048384
687,9.374933,0.6094794,0.18083471
688,9.588686,0.65557516,0.17385322
689,10.522997,0.6037223,0.23034039
690,8.535054,0.6110728,0.19526136
691,9.850376,0.6155625,0.32797337
692,9.4327965,0.6060058,0.17971386
693,9.860699,0.5420414,0.17446728
694,9.862674,0.58450204,0.22880934
695,9.51654,0.57914793,0.11672535
696,12.951243,0.58075625,0.15704913
697,9.065477,0.62319297,0.29093468
698,10.006676,0.5891277,0.18461761
699,7.7391996,0.64344656,0.18208274
700,8.243718,0.6887886,0.18039416
701,10.175389,0.6575836,0.16554607
702,9.414438,0.64899415,0.18452655
703,10.237759,0.64242625,0.16011766
704,9.705287,0.6241343,0.321443
705,9.00376,0.60803854,0.22847064
706,12.288351,0.6088017,0.12568633
707,8.936392,0.59667647,0.1737176
708,10.279063,0.5621354,0.13730791
709,10.631429,0.60229474,0.11845714
710,9.152095,0.59379715,0.16031034
711,9.445811,0.5825398,0.16294894
712,8.559157,0.58569175,0.19049515
713,9.3787,0.5323242,0.1310666
714,10.700235,0.6058006,0.15862256
715,7.5891786,0.5734449,0.10319959
716,9.693522,0.5715824,0.22669305
717,13.125994,0.6319093,0.15129499
718,9.458979,0.6047827,0.14286685
719,10.052149,0.5792901,0.19250466
720,10.556008,0.5689775,0.14918385
721,6.757964,0.56599754,0.24510708
722,8.507493,0.5802045,0.17984857
723,9.691711,0.60270727,0.165093
724,8.52342,0.59585774,0.23490655
725,12.566601,0.47692716,0.14964452
726,8.734312,0.6125521,0.20817478
727,10.388305,0.60799974,0.28637427
728,9.960952,0.6017829,0.5902593
729,7.8832383,0.5578256,0.1579308
730,10.253744,0.54151595,0.14459248
731,7.5099974,0.7326141,0.12845097
732,11.583215,0.49210283,0.11733324
733,10.515047,0.8067654,0.14847039
734,9.253102,0.66213715,0.282261
735,9.105734,0.47127044,0.17770529
736,11.549737,0.5866281,0.111309476
737,10.15965,0.59961134,0.1627844
738,10.339886,0.5924149,0.14512049
739,11.024244,0.60675037,0.1657462
740,11.727203,0.5796316,0.09555145
741,9.710791,0.5899667,0.18913332
742,7.5820565,0.64295906,0.18292944
743,10.666361,0.6066205,0.15703209
744,10.149196,0.61201245,0.19074553
745,9.061316,0.60471433,0.1434335
746,8.341416,0.5797831,0.21379907
747,11.516608,0.5935214,0.13683227
748,10.390754,0.5794156,0.15328287
749,9.823111,0.5689426,0.13866255
750,8.500029,0.6032295,0.46796745
751,9.507588,0.6068539,0.1839395
752,8.14484,0.58438313,0.25229493
753,11.336851,0.5995981,0.1922363
754,12.318468,0.6051347,0.08802764
755,13.144025,0.6204757,0.18046847
756,13.120505,0.6148576,0.17957959
757,8.958127,0.6392582,0.19056879
758,10.14795,0.6293777,0.15407427
759,4.965513,0.57584685,0.35273558
760,9.326547,0.6010736,0.14196792
761,10.337926,0.6033594,0.09955978
762,10.54966,0.6066015,0.056945216
763,11.845538,0.5849877,0.17129505
764,10.073127,0.5833859,0.20213355
765,8.983853,0.5429245,0.061892405
766,12.78803,0.6089571,0.11674942
767,9.601149,0.7162949,0.09141089
768,9.463637,0.58240294,0.16116329
769,11.860363,0.5443997,0.08675739
770,10.09714,0.6266432,0.123639494
771,8.290183,0.6218288,0.19344608
772,10.005621,0.54584736,0.12218194
773,11.3712845,0.59033453,0.16857699
774,10.116787,0.63539875,0.15789254
775,8.917052,0.5886394,0.14672388
776,9.783972,0.55559367,0.21609186
777,8.696778,0.58126897,0.2168018
778,10.044682,0.3878141,0.19105236
779,11.30061,0.59118944,0.08712166
780,9.558607,0.6242455,0.23752305
781,9.0691,0.60518587,0.16331884
782,8.487402,0.5925896,0.111936115
783,10.124257,0.5490881,0.042126384
784,9.415468,0.6010557,0.22012869
785,9.676701,0.5608087,0.20859689
786,8.505309,0.49233,0.17731701
787,10.476021,0.5683577,0.13661152
788,11.018687,0.54135406,0.15456864
789,9.439966,0.52681816,0.1506707
790,10.044907,0.633151,0.088535845
791,9.664105,0.7113815,0.19819999
792,10.0656395,0.5972952,0.16273119
793,7.851705,0.58310777,0.2385299
794,8.4966955,0.591806,0.19345419
795,10.921126,0.6094026,0.15550673
796,8.70116,0.22643863,0.17546633
797,10.817573,0.5710945,0.26584953
798,9.15048,0.63776225,1.0
799,8.757222,0.5860252,0.16099137
800,11.164994,0.71587574,0.23888834
801,14.647427,0.6374079,0.042924162
802,11.830511,0.640912,0.11997402
803,10.402478,0.5822386,0.10685234
804,10.115022,0.5743646,0.17398357
805,9.915792,0.5956539,0.15756169
806,13.195797,0.5830959,0.24233627
807,11.539473,0.5930721,0.18917064
808,11.165974,0.5617881,0.16087975
809,13.059124,0.57661974,0.13868383
810,9.463563,0.43089095,0.22596908
811,12.438661,0.5750189,0.10360147
812,8.907789,0.6273591,0.6757177
813,10.515335,0.57236606,0.09316159
814,10.793915,0.56651735,0.11217585
815,11.05567,0.5838825,0.13820708
816,12.91584,0.59817964,0.12929188
817,9.786659,0.5835378,0.12898493
818,11.716226,0.57474244,0.04198734
819,10.3553,0.5790164,0.19758944
820,11.070802,0.59494984,0.106110774
821,14.648331,0.6117847,0.108051986
822,11.215646,0.6788178,0.12852904
823,9.808947,0.5865892,0.17074648
824,11.550362,0.5889551,0.14548124
825,6.111414,0.6056493,0.2417592
826,10.22443,0.6041887,0.119069666
827,9.609909,0.58953565,0.12597397
828,10.445429,0.60056794,0.16329052
829,11.280735,0.5684245,0.106642276
830,10.029094,0.6078491,0.17279446
831,7.449032,0.6058502,0.1666583
832,8.113224,0.6036526,0.21504308
833,10.56024,0.59425527,0.12811938
834,9.465754,0.6961395,0.22335279
835,10.132992,0.6032702,0.14306013
836,9.630287,0.5652564,0.08655385
837,11.32111,0.5969227,0.09884809
838,10.191954,0.62650675,0.15788618
839,10.252803,0.5898668,0.10799311
840,9.276765,0.5848771,0.12661517
841,10.131933,0.54293215,0.17673868
842,10.1617985,0.5823079,0.14293529
843,7.9200816,0.53520274,0.17539269
844,8.799694,0.61817837,0.079708725
845,13.549288,0.59954256,0.14399867
846,9.947249,0.59496194,0.08651112
847,9.622757,0.58226424,0.17228499
848,25.535103,0.569017,0.3156355
849,10.847806,0.5058846,0.15510409
850,6.9042397,0.6385616,0.34514117
851,8.774562,0.58687145,0.15313904
852,9.029463,0.6190484,0.23104264
853,9.610147,0.619479,0.13318382
854,10.307688,0.5801286,0.24664012
855,8.480616,0.58030605,0.18660735
856,10.504385,0.5883249,0.06772554
857,10.333665,0.625483,0.15875092
858,10.365514,0.6021318,0.11786833
859,6.972795,0.5796475,0.33904442
860,9.732486,0.5973847,0.11337449
861,10.563969,0.60482466,0.21121022
862,9.894856,0.6438759,0.23368552
863,9.499766,0.6043951,0.17336686
864,10.428215,0.57417476,0.12770389
865,10.080262,0.62470627,0.22541337
866,9.983401,0.5787214,0.20449008
867,9.190468,0.5945216,0.18127865
868,7.916972,0.59895796,0.13550442
869,11.343262,0.6299787,0.07604967
870,10.537817,0.5342287,0.09558624
871,10.374028,0.61002225,0.18595028
872,10.811929,0.5697901,0.08944091
873,9.544226,0.5437741,0.1488984
874,11.069857,0.63274753,0.063825056
875,8.381056,0.5948344,0.13908799
876,8.030758,0.60376275,0.13529837
877,7.228387,0.5855554,0.19130933
878,10.649939,0.56262755,0.16276564
879,10.512219,0.57941604,0.17890297
880,9.871272,0.77207035,0.12531927
881,11.162026,0.60488284,0.05180256
882,10.254025,0.59670955,0.3770347
883,9.32955,0.59085935,0.17247607
884,10.842663,0.5844125,0.1554147
885,11.812155,0.6859181,0.13743585
886,9.728685,0.5947427,0.107254595
887,9.579779,0.68373495,0.17100105
888,11.296265,0.58984494,0.17994703
889,9.132953,0.62322223,0.19226944
890,11.1227865,0.6032721,0.1584364
891,12.677554,0.6173907,0.16868964
892,10.182471,0.58051765,0.13016108
893,8.632022,0.60012966,0.17277694
894,9.009936,0.5256071,0.2739049
895,9.180359,0.5950876,0.15582506
896,7.417166,0.70513576,0.20400944
897,9.895453,0.5793362,0.1476872
898,10.872173,0.602131,0.0602798
899,9.520145,0.62274015,0.11843383
900,9.594037,0.759145,0.15750143
901,5.7307096,0.5995704,0.18474638
902,9.958314,0.6651585,0.19586909
903,9.329018,0.6699222,0.136665
904,10.47381,0.5953387,0.14219157
905,8.759887,0.6022016,0.22438997
906,10.195951,0.5866126,0.11058882
907,9.880274,0.59299827,0.3135526
908,8.749346,0.58120227,0.15179263
909,8.650031,0.6326338,0.11004705
910,9.117041,0.6271211,0.16434263
911,9.551169,0.59327275,0.22905263
912,11.240931,0.6742277,0.11114484
913,8.797263,0.603932,0.11824087
914,9.412147,0.5929135,0.17815852
915,10.877966,0.60820824,0.053246066
916,9.069155,0.6604517,0.14642045
917,9.742482,0.64225674,0.08567918
918,9.164467,0.60433483,0.13682604
919,10.5297,0.5736369,0.12584853
920,10.899489,0.582766,0.09862036
921,11.139307,0.58459675,0.119047426
922,9.619821,0.54475844,0.13458405
923,9.980957,0.5474018,0.21492685
924,8.906696,0.58747256,0.20437385
925,9.2714,0.6005837,0.14216012
926,9.905912,0.6279306,0.107855
927,11.232181,0.58780485,0.18849108
928,9.081089,0.6020972,0.23115511
929,8.462067,0.6082216,0.2595357
930,9.052181,0.6379544,0.23635046
931,7.832897,0.6175604,0.20783508
932,8.657956,0.4610551,0.17924696
933,9.646159,0.39107326,0.20393454
934,9.748986,0.6467839,0.14491045
935,11.081177,0.59920245,0.06884804
936,12.233246,0.5722167,0.11204316
937,7.874693,0.62521404,0.17453587
938,9.499515,0.600045,0.15392593
939,10.406691,0.5706296,0.19104408
940,11.825122,0.6029633,0.09215207
941,6.045938,0.6047987,0.27593294
942,9.943705,0.60044384,0.08090701
943,8.307228,0.5121417,0.17193553
944,9.724879,0.60658365,0.16183811
945,9.402637,0.6377382,0.23553659
946,9.874116,0.5771136,0.22850803
947,6.956392,0.6674841,0.23869681
948,8.521007,0.7337611,0.18410864
949,9.700791,0.6127305,0.23963085
950,11.643307,0.62939817,0.109220415
951,9.7956915,0.6615991,0.16248456
952,7.43037,0.64058137,0.16638173
953,10.866939,0.5778278,0.13925502
954,7.9135094,0.6180375,0.27800938
955,9.415453,0.5526019,0.116116844
956,10.046607,0.56131107,0.09258396
957,8.950883,0.57842577,1.0
958,10.93388,0.58568406,0.18002094
959,9.502906,0.60263866,0.17873096
960,9.545972,0.6168715,0.16856943
961,9.96062,0.6189206,0.11968981
962,11.509376,0.58331436,0.09217144
963,8.752845,0.64642465,0.1840946
964,10.05551,0.59253865,0.12410404
965,9.098449,0.6241879,0.20813434
966,10.431497,0.56687844,0.1650175
967,9.452597,0.62210315,0.12451778
968,8.913498,0.6143705,0.12479206
969,8.829359,0.6210744,0.17854343
970,10.117947,0.65258634,0.11249423
971,9.76459,0.6150014,0.14631553
972,9.721136,0.60978913,0.12614116
973,9.266618,0.5926779,0.09772856
974,10.246083,0.59132653,0.13831955
975,9.867489,0.62874496,0.18826713
976,11.419343,0.5909135,0.10491494
977,10.051581,0.56795317,0.07892329
978,6.4903936,0.60917836,0.29048103
979,8.781561,0.6014821,0.18137935
980,6.4337907,0.605474,0.1769224
981,10.402622,0.61909235,0.11219727
982,9.874626,0.4492738,0.13548419
983,9.502657,0.59929246,0.18749222
984,10.655391,0.6302072,0.07646792
985,9.317177,0.5147962,0.17245533
986,8.919748,0.59600425,0.17140771
987,6.471328,0.5937646,0.36050066
988,10.490507,0.58706194,0.14190017
989,10.055464,0.58583176,0.1146071
990,9.031467,0.628606,0.1802393
991,8.684773,0.62286025,0.225767
992,9.426847,0.60727215,0.14470765
993,10.833407,0.61502004,0.25848344
994,12.078433,0.60855097,0.10941319
995,10.090561,0.5514791,0.20047568
996,11.033495,0.627,0.15489364
997,7.9922237,0.6064138,0.16916849
998,11.6068125,0.59927344,0.15352666
999,9.756443,0.6060946,0.20191856
