stateTime,Extend,Expired,Potential Expire,Terminate
"2021-02-24","0.00","4.00","0.00","0.00"
"2021-02-25","0.00","1.00","0.00","0.00"
"2021-02-26","0.00","0.00","0.00","1.00"
"2021-02-27","0.00","1.64","0.00","0.00"
"2021-02-28","0.00","0.71","-0.00","0.75"
"2021-03-02","0.00","0.61","-0.00","0.61"
"2021-03-03","0.00","9.18","0.00","0.57"
"2021-03-04","0.00","2.15","-0.00","2.62"
"2021-03-05","0.00","1.66","-0.00","1.60"
"2021-03-06","0.00","12.73","0.00","0.50"
"2021-03-07","0.00","13.05","-0.00","1.46"
"2021-03-08","0.00","13.33","0.00","2.55"
"2021-03-09","0.00","1.24","0.00","3.70"
"2021-03-10","0.00","5.75","0.00","0.82"
"2021-03-11","0.00","3.05","0.00","1.25"
"2021-03-14","0.00","0.64","0.00","1.91"
"2021-03-15","0.00","0.00","0.00","0.31"
"2021-03-16","0.00","10.00","0.00","18.00"
"2021-03-17","0.00","1.20","0.00","2.61"
"2021-03-18","0.00","0.36","0.00","0.36"
"2021-03-19","0.00","0.36","0.00","2.84"
"2021-03-20","0.00","1.59","0.00","2.91"
"2021-03-21","0.00","8.77","0.00","11.93"
"2021-03-22","0.00","4.89","0.00","10.08"
"2021-03-23","0.00","0.84","0.00","74.50"
"2021-03-24","0.00","17697.79","-0.00","36378.67"
"2021-03-25","0.00","9856.06","0.00","48501.68"
"2021-03-26","0.00","9789.38","-0.00","45379.14"
"2021-03-27","0.00","11176.23","-0.00","42634.25"
"2021-03-28","0.00","1660.26","0.00","19484.94"
"2021-03-29","0.00","469.42","0.00","17754.33"
"2021-03-30","0.00","837.28","-0.00","20750.19"
"2021-03-31","0.00","314.43","0.00","12416.02"
"2021-04-01","0.00","1195.69","-0.00","18424.02"
"2021-04-02","0.00","1667.44","-0.00","9161.81"
"2021-04-03","0.00","2710.15","-0.00","19093.83"
"2021-04-04","0.00","2453.19","-0.00","19853.12"
"2021-04-05","0.00","2107.61","-0.00","19394.85"
"2021-04-06","0.00","1789.86","-0.00","22771.14"
"2021-04-07","0.00","2438.14","-0.00","30353.50"
"2021-04-08","0.00","1430.32","0.00","10067.94"
"2021-04-09","0.00","1176.68","0.00","2760.91"
"2021-04-10","0.00","1342.18","0.00","5607.94"
"2021-04-11","0.00","156.17","0.00","4762.03"
"2021-04-12","0.00","244.11","-0.00","2644.57"
"2021-04-13","6.29","295.01","-0.00","4463.90"
"2021-04-14","2923.60","174.61","-0.00","6904.05"
"2021-04-15","8107.37","179.90","0.00","6298.40"
"2021-04-16","11966.64","196.33","-0.00","2394.18"
"2021-04-17","3649.84","164.14","0.00","352.62"
"2021-04-18","4237.00","483.15","0.00","36.25"
"2021-04-19","4304.69","1377.08","0.00","35.56"
"2021-04-20","6038.51","756.23","0.00","31.67"
"2021-04-21","9616.96","871.96","0.00","158.38"
"2021-04-22","19192.17","374.90","0.00","64.25"
"2021-04-23","22281.83","202.87","-0.00","54.49"
"2021-04-24","21182.87","169.37","-0.00","21.48"
"2021-04-25","20044.35","123.74","0.00","35.91"
"2021-04-26","19053.35","64.33","0.00","15.82"
"2021-04-27","19536.33","70.29","0.00","88.85"
"2021-04-28","23239.04","116.71","-0.00","211.30"
"2021-04-29","27376.59","304.57","0.00","440.56"
"2021-04-30","33337.70","410.34","0.00","517.84"
"2021-05-01","34833.89","352.90","51.24","419.47"
"2021-05-02","34348.93","268.11","0.00","297.45"
"2021-05-03","35711.43","49.82","-0.00","13.14"
"2021-05-04","35934.18","41.11","-0.00","10.78"
"2021-05-05","35561.32","47.41","0.00","108.13"
"2021-05-06","34288.42","239.11","0.00","490.73"
"2021-05-07","37739.77","433.25","0.00","462.93"
"2021-05-08","40023.42","259.81","0.00","77.83"
"2021-05-09","40914.72","58.14","-0.00","21.62"
"2021-05-10","41298.86","53.40","-0.00","119.44"
"2021-05-11","34504.21","200.02","-0.00","376.66"
"2021-05-12","28829.48","194.70","-0.00","317.72"
"2021-05-13","31172.25","166.27","0.00","254.15"
"2021-05-14","24762.39","269.09","0.00","466.50"
"2021-05-15","31309.25","142.25","0.00","305.42"
"2021-05-16","32985.90","88.26","-0.00","157.19"
"2021-05-17","38317.35","174.28","0.00","368.98"
"2021-05-18","29442.31","142.61","-0.00","333.72"
"2021-05-19","40352.13","173.14","-0.00","257.19"
"2021-05-20","42294.36","76.19","0.00","32.02"
"2021-05-21","39580.93","52.03","0.00","29.77"
"2021-05-22","40255.94","31.35","0.00","4.50"
"2021-05-23","40420.76","16.64","-0.00","6.11"
"2021-05-24","39607.51","12.14","-0.00","34.93"
"2021-05-25","35761.25","1.09","-0.00","4.15"
"2021-05-26","41907.53","14.86","-0.00","8.31"
"2021-05-27","32300.24","29.29","0.00","11.83"
"2021-05-28","31790.41","1736.66","0.00","9.75"
"2021-05-29","33259.74","3948.24","0.00","21.98"
"2021-05-30","35502.37","3970.53","0.00","5.55"
"2021-05-31","59117.14","186.67","0.00","4.89"
"2021-06-01","34583.52","35.12","0.00","4.70"
"2021-06-02","26730.95","59.79","0.00","7.87"
"2021-06-03","25687.19","37.58","-0.00","6.83"
"2021-06-04","27055.43","44.25","0.00","4.72"
"2021-06-05","22881.18","31.00","-0.00","2.34"
"2021-06-06","23465.00","145.51","0.00","2.44"
"2021-06-07","26988.40","259.90","0.00","2.12"
"2021-06-08","24854.52","385.30","-0.00","4.79"
"2021-06-09","19242.76","184.06","0.00","8.56"
"2021-06-10","20350.51","188.70","-0.00","7.34"
"2021-06-11","21874.44","313.85","0.00","4.80"
"2021-06-12","17004.75","168.02","-0.00","2.16"
"2021-06-13","14546.30","67.42","0.00","0.22"
"2021-06-14","14344.87","243.99","0.00","2.66"
"2021-06-15","13910.21","174.53","-0.00","3.08"
"2021-06-16","11657.33","15.15","-0.00","0.00"
"2021-06-17","10183.52","47.15","-0.00","0.88"
"2021-06-18","7310.15","41.43","-0.00","1.97"
"2021-06-19","10381.33","24.12","-0.00","0.49"
"2021-06-20","9687.46","47.10","0.00","3.30"
"2021-06-21","6374.48","28.27","-0.00","0.57"
"2021-06-22","11569.39","54.27","-0.00","1.35"
"2021-06-23","11619.13","53.24","0.00","0.88"
"2021-06-24","10771.78","15.79","0.00","2.04"
"2021-06-25","10755.07","83.38","-0.00","2.37"
"2021-06-26","9975.94","246.34","-0.00","0.69"
"2021-06-27","10708.09","129.30","-0.00","0.73"
"2021-06-28","9207.99","163.39","-0.00","0.24"
"2021-06-29","9245.44","178.50","-0.00","0.26"
"2021-06-30","11321.43","190.51","-0.00","0.26"
"2021-07-01","11137.30","212.18","-0.00","1.74"
"2021-07-02","12263.22","196.88","-0.00","4.65"
"2021-07-03","12963.25","204.44","-0.00","14.81"
"2021-07-04","12957.39","211.46","-0.00","27.37"
"2021-07-05","12627.76","114.16","-0.00","27.41"
"2021-07-06","12741.76","33.54","0.00","0.00"
"2021-07-07","13104.80","20.99","0.00","0.24"
"2021-07-08","13179.78","5.22","0.00","0.26"
"2021-07-09","11751.20","2.33","0.00","0.26"
"2021-07-10","8379.60","22020.15","-0.00","0.00"
"2021-07-11","7644.61","0.51","-0.00","0.26"
"2021-07-12","8438.24","1.57","-0.00","0.26"
"2021-07-13","9089.58","0.78","0.00","0.00"
"2021-07-14","10486.35","0.53","0.00","0.24"
"2021-07-15","10010.18","14.57","-0.00","0.00"
"2021-07-16","9798.62","0.00","0.00","0.00"
"2021-07-17","10789.75","0.00","0.00","0.54"
"2021-07-18","9888.09","1.76","-0.00","0.00"
"2021-07-19","8026.76","3.83","-0.00","0.00"
"2021-07-20","10538.56","0.27","0.00","0.00"
"2021-07-21","11922.60","0.00","-0.00","0.27"
"2021-07-22","13716.04","0.54","-0.00","0.27"
"2021-07-23","14143.11","0.00","-0.00","0.25"
"2021-07-24","13194.02","3.29","-0.00","0.25"
"2021-07-25","14949.22","3.16","-0.00","0.30"
"2021-07-26","12304.79","0.56","-0.00","0.00"
"2021-07-27","10264.69","2.91","0.00","0.00"
"2021-07-28","10458.50","3.83","0.00","0.00"
"2021-07-29","8236.24","212.63","-0.00","9.43"
"2021-07-30","11103.31","35.72","0.00","0.00"
"2021-07-31","17519.93","68.95","-0.00","0.45"
"2021-08-01","20121.47","98.22","0.00","0.99"
"2021-08-02","19256.31","46.88","-0.00","2.43"
"2021-08-03","19696.71","15.51","-0.00","0.28"
"2021-08-04","19883.06","97.39","-0.00","0.49"
"2021-08-05","18359.82","99.57","-0.00","0.54"
"2021-08-06","19957.03","56.85","0.00","2.66"
"2021-08-07","19537.57","57.09","-0.00","0.48"
"2021-08-08","20844.81","9.33","-0.00","5.51"
"2021-08-09","20159.15","3.08","0.00","1.21"
"2021-08-10","19982.84","33.72","-0.00","0.28"
"2021-08-11","20755.74","43.30","-0.00","0.96"
"2021-08-12","21642.01","2.83","0.00","4.28"
"2021-08-13","20337.16","0.28","-0.00","4.00"
"2021-08-14","20539.71","9.00","-0.00","2.49"
"2021-08-15","20443.72","2.42","-0.00","0.00"
"2021-08-16","19821.37","9.09","0.00","0.00"
"2021-08-17","17316.32","11.36","0.00","0.00"
"2021-08-18","17954.72","12.55","0.00","0.87"
"2021-08-19","18481.97","31.09","0.00","0.29"
"2021-08-20","35349.50","9.10","0.00","2.00"
"2021-08-21","31644.85","1.52","0.00","11.42"
"2021-08-22","30433.44","1.54","-0.00","13.46"
"2021-08-23","28883.04","11.02","0.00","7.51"
"2021-08-24","28517.07","0.00","-0.00","2.63"
"2021-08-25","28426.97","0.57","-0.00","2.87"
"2021-08-26","29513.59","0.59","0.00","0.99"
"2021-08-27","28782.46","3.53","-0.00","1.06"
"2021-08-28","27861.92","0.88","-0.00","3.77"
"2021-08-29","31024.44","0.89","0.00","2.50"
"2021-08-30","29730.05","0.59","0.00","1.35"
"2021-08-31","28413.83","582.24","0.00","1.70"
"2021-09-01","25339.26","3586.13","0.00","2.19"
"2021-09-02","25426.14","4797.02","-0.00","0.56"
"2021-09-03","21779.41","5932.02","0.00","0.00"
"2021-09-04","22833.36","6901.01","-0.00","3.22"
"2021-09-05","25914.92","6849.99","0.00","0.00"
"2021-09-06","24663.73","6395.30","0.00","0.34"
"2021-09-07","24883.67","5976.65","0.00","0.94"
"2021-09-08","23677.06","5932.29","-0.00","0.26"
"2021-09-09","23736.38","5968.29","0.00","0.29"
"2021-09-10","23013.41","6653.35","-0.00","0.89"
"2021-09-11","23257.84","5935.33","-0.00","0.63"
"2021-09-12","24222.78","6211.40","0.00","1.46"
"2021-09-13","24642.04","6237.83","-0.00","0.31"
"2021-09-14","25295.61","5783.86","-0.00","0.81"
"2021-09-15","26315.75","6112.99","-0.00","0.61"
"2021-09-16","23300.74","6625.46","0.00","4.34"
"2021-09-17","29441.80","6381.79","0.00","0.00"
"2021-09-18","19535.26","6470.73","0.00","5.22"
"2021-09-19","22606.73","6430.91","-0.00","3.11"
"2021-09-20","23886.84","6133.45","0.00","1.61"
"2021-09-21","21759.45","6457.02","-0.00","1.25"
"2021-09-22","25002.08","6437.16","0.00","2.23"
"2021-09-23","26664.48","4245.02","-0.00","6.63"
"2021-09-24","24540.62","3828.71","0.00","3.18"
"2021-09-25","26862.36","4447.79","0.00","5.74"
"2021-09-26","28570.64","5523.86","-0.00","4.19"
"2021-09-27","28290.66","8018.38","-0.00","9.19"
"2021-09-28","27598.86","6256.10","-0.00","5.31"
"2021-09-29","23089.51","958.41","0.00","6.08"
"2021-09-30","20712.09","2203.33","0.00","5.10"
"2021-10-01","19472.77","5165.59","-0.00","6.14"
"2021-10-02","19076.93","5872.54","0.00","52.14"
"2021-10-03","18172.94","5399.38","-0.00","5.77"
"2021-10-04","17257.88","5314.76","-0.00","12.37"
"2021-10-05","18434.48","4734.44","0.00","8.32"
"2021-10-06","16802.00","4515.66","0.00","8.10"
"2021-10-07","18083.53","5345.51","-0.00","6.69"
"2021-10-08","16549.49","6446.24","0.00","17.39"
"2021-10-09","13817.11","6727.11","0.00","8.82"
"2021-10-10","14453.07","6514.92","0.00","4.78"
"2021-10-11","14069.38","6363.82","0.00","31.11"
"2021-10-12","11819.19","6844.84","0.00","2.72"
"2021-10-13","15070.71","7286.44","0.00","2.42"
"2021-10-14","14855.59","7336.66","0.00","6.51"
"2021-10-15","16523.74","14599.77","-0.00","10.36"
"2021-10-16","17583.12","7643.02","-0.00","6.70"
"2021-10-17","18612.82","4942.43","739.35","7.96"
"2021-10-18","22704.15","6223.90","-0.00","12.15"
"2021-10-19","19031.89","5251.60","-0.00","2.73"
"2021-10-20","18677.10","5312.84","0.00","6.14"
"2021-10-21","17322.78","6883.01","-0.00","3.47"
"2021-10-22","18012.14","8826.20","-0.00","2.27"
"2021-10-23","16688.77","8919.39","0.00","13.50"
"2021-10-24","16260.63","9193.43","-0.00","1.05"
"2021-10-25","15867.24","8671.67","35.41","0.19"
"2021-10-26","15769.12","8881.87","844.96","6.28"
"2021-10-27","15823.29","9232.42","-0.00","2.22"
"2021-10-28","14438.99","10162.24","0.00","1.30"
"2021-10-29","13273.23","9014.14","0.00","0.46"
"2021-10-30","11396.35","10754.62","0.00","1.63"
"2021-10-31","14437.98","10193.07","-0.00","3.04"
"2021-11-01","13381.61","9396.68","-0.00","1.77"
"2021-11-02","15261.70","9934.94","0.00","2.78"
"2021-11-03","14552.72","10234.52","-0.00","3.74"
"2021-11-04","14106.85","10466.26","0.00","1.41"
"2021-11-05","13794.28","9802.01","-0.00","3.72"
"2021-11-06","11557.48","8508.88","0.00","4.20"
"2021-11-07","9034.59","10332.85","-0.00","3.87"
"2021-11-08","8555.77","10242.85","-0.00","5.83"
"2021-11-09","8154.24","10483.12","-0.00","3.14"
"2021-11-10","7611.59","11062.73","0.00","5.07"
"2021-11-11","8752.44","15205.85","0.00","2.70"
"2021-11-12","14387.05","13554.31","0.00","4.92"
"2021-11-13","16254.47","13909.21","0.00","1.22"
"2021-11-14","16754.51","10963.33","0.00","1.20"
"2021-11-15","15973.08","14030.52","-0.00","4.76"
"2021-11-16","18321.38","21040.95","-0.00","8.20"
"2021-11-17","17711.97","17437.64","0.00","6.72"
"2021-11-18","17610.25","16513.12","-0.00","0.88"
"2021-11-19","15571.66","18525.53","-0.00","1.19"
"2021-11-20","12794.03","18730.77","-0.00","1.87"
"2021-11-21","11117.43","21490.60","0.00","12.85"
"2021-11-22","10010.65","18368.07","0.00","11.09"
"2021-11-23","10806.94","21003.43","-0.00","3.21"
"2021-11-24","9161.82","19515.45","0.00","3.14"
"2021-11-25","7781.98","19477.92","-0.00","2.81"
"2021-11-26","7165.52","19409.32","0.00","6.96"
"2021-11-27","6185.39","18242.95","0.00","2.15"
"2021-11-28","6352.28","16596.65","-0.00","2.41"
"2021-11-29","8271.13","19200.69","0.00","22.82"
"2021-11-30","11955.47","20885.62","-0.00","15.32"
"2021-12-01","12329.75","20459.20","0.00","32.81"
"2021-12-02","11983.31","16821.61","-0.00","30.35"
"2021-12-03","15311.52","16055.58","0.00","27.42"
"2021-12-04","16967.23","17107.87","0.00","28.13"
"2021-12-05","14332.55","19373.73","0.00","29.33"
"2021-12-06","14759.47","21731.85","-0.00","31.88"
"2021-12-07","17334.32","20119.60","-0.00","26.43"
"2021-12-08","15508.05","19417.10","-0.00","19.09"
"2021-12-09","13098.59","16196.58","-0.00","14.40"
"2021-12-10","12727.45","16771.53","0.00","8.77"
"2021-12-11","10595.88","15850.87","0.00","9.61"
"2021-12-12","16428.99","19685.06","-0.00","83.17"
"2021-12-13","15776.83","21560.64","-0.00","120.89"
"2021-12-14","11135.05","21563.06","-0.00","82.46"
"2021-12-15","10605.29","29146.10","-0.00","0.44"
"2021-12-16","13825.23","21988.89","-0.00","0.92"
"2021-12-17","15390.39","22427.19","-0.00","4.52"
"2021-12-18","15734.23","24956.70","0.00","3.88"
"2021-12-19","14026.29","24913.16","0.00","11.41"
"2021-12-20","13569.67","25054.77","-0.00","11.44"
"2021-12-21","11594.56","24471.37","0.00","13.55"
"2021-12-22","20208.71","23866.53","-0.00","7.14"
"2021-12-23","14959.32","24041.97","0.00","1.88"
"2021-12-24","11959.20","25143.18","0.00","0.25"
"2021-12-25","11095.34","26216.41","-0.00","4.16"
"2021-12-26","10379.78","24867.42","0.00","2.58"
"2021-12-27","10197.63","25710.89","0.00","2.64"
"2021-12-28","11334.00","29108.49","-0.00","1.56"
"2021-12-29","8467.90","11725.18","-0.00","3.33"
"2021-12-30","9203.99","11714.26","0.00","14.08"
"2021-12-31","83883.01","26241.79","-0.00","14.86"
"2022-01-01","8108.28","4111.92","0.00","1.28"
"2022-01-02","5625.26","3398.80","0.00","0.96"
"2022-01-03","4946.73","3345.58","-0.00","9.78"
"2022-01-04","6210.59","4641.57","0.00","1.96"
"2022-01-05","6599.00","5201.66","-0.00","31.33"
"2022-01-06","6682.46","5497.78","0.00","35.29"
"2022-01-07","6976.60","5708.25","-0.00","11.77"
"2022-01-08","3481.19","9098.98","0.00","36.06"
"2022-01-09","3022.40","7369.20","0.00","114.66"
"2022-01-10","2977.09","8994.32","-0.00","5.08"
"2022-01-11","3033.61","9807.84","0.00","25.75"
"2022-01-12","2947.15","6839.71","-0.00","190.83"
"2022-01-13","2635.82","1871.46","0.00","318.79"
"2022-01-14","2819.19","8434.95","0.00","171.76"
"2022-01-15","2992.17","34621.20","0.00","323.35"
"2022-01-16","2953.99","13588.98","0.00","575.68"
"2022-01-17","2872.31","7085.19","-0.00","440.40"
"2022-01-18","3067.26","6595.67","0.00","347.40"
"2022-01-19","4131.20","6699.97","0.00","243.89"
"2022-01-20","3412.86","6923.16","0.00","235.95"
"2022-01-21","3664.88","6844.14","-0.00","365.65"
"2022-01-22","3911.57","6924.76","0.00","313.70"
"2022-01-23","3798.16","4991.21","-0.00","315.32"
"2022-01-24","3891.54","3967.68","-0.00","526.17"
"2022-01-25","4279.36","3431.27","0.00","503.56"
"2022-01-26","4006.18","7712.13","0.00","554.36"
"2022-01-27","10729.45","26899.32","0.00","500.68"
"2022-01-28","11504.20","26723.82","-0.00","606.90"
"2022-01-29","10064.96","26339.71","0.00","578.04"
"2022-01-30","7889.70","25258.33","-0.00","451.93"
"2022-01-31","11316.42","24838.65","-0.00","699.39"
"2022-02-01","11904.38","26257.27","0.00","865.66"
"2022-02-02","14104.28","33071.79","0.00","678.52"
"2022-02-03","13183.07","43881.50","0.00","869.27"
"2022-02-04","10761.28","43807.00","-0.00","849.86"
"2022-02-05","11893.35","43967.80","-0.00","672.53"
"2022-02-06","11226.90","42679.87","0.00","266.84"
"2022-02-07","13568.78","42992.83","-0.00","4.74"
"2022-02-08","14159.68","42166.84","0.00","3.26"
"2022-02-09","10571.34","46225.86","-0.00","5.20"
"2022-02-10","101746.66","46327.51","-0.00","0.20"
"2022-02-11","12165.04","43243.29","0.00","8.37"
"2022-02-12","12761.01","41740.48","0.00","2.08"
"2022-02-13","48761.73","440813.31","-0.00","812.55"
"2022-02-14","15831.25","73351.20","-0.00","7588.04"
"2022-02-15","33742.22","231748.49","-0.00","32506.98"
"2022-02-16","33715.79","294660.81","-0.00","28137.06"
"2022-02-17","36682.92","297482.18","-0.00","35954.31"
"2022-02-18","33793.62","301560.59","0.00","27422.48"
"2022-02-19","33629.84","274945.78","-0.00","20916.73"
"2022-02-20","38661.31","228777.28","-0.00","22534.98"
"2022-02-21","38446.02","213412.67","-0.00","30947.21"
"2022-02-22","37570.25","210331.04","-0.00","18654.75"
"2022-02-23","34407.10","195215.26","0.00","13244.23"
"2022-02-24","38621.86","219345.45","-0.00","12981.74"
"2022-02-25","38594.09","216799.80","0.00","16785.68"
"2022-02-26","34742.78","206297.05","0.00","18490.49"
"2022-02-27","34697.12","203396.19","-0.00","14577.08"
"2022-02-28","145743.82","207974.16","0.00","16609.26"
"2022-03-01","31708.91","183694.67","0.47","12012.78"
"2022-03-02","33875.59","201796.46","-0.00","10506.92"
"2022-03-03","30772.89","190858.96","0.00","9812.90"
"2022-03-04","27949.80","160220.36","0.00","6846.25"
"2022-03-05","30586.43","158002.71","-0.00","8007.80"
"2022-03-06","31430.81","167305.58","-0.00","5503.75"
"2022-03-07","35348.21","161987.40","0.00","5430.38"
"2022-03-08","39838.97","155182.11","-0.00","4808.09"
"2022-03-09","39810.79","164559.92","0.00","4928.19"
"2022-03-10","33700.15","190769.73","0.00","6842.77"
"2022-03-11","36104.38","178486.80","0.00","5725.01"
"2022-03-12","32515.82","196345.83","0.00","4404.78"
"2022-03-13","31377.60","175328.67","-0.00","5845.47"
"2022-03-14","40036.98","175059.33","-0.00","3483.89"
"2022-03-15","37846.51","193166.81","0.00","2929.96"
"2022-03-16","39188.74","200508.31","-0.00","4945.37"
"2022-03-17","41002.33","179473.61","-0.00","3596.79"
"2022-03-18","46402.37","177533.33","0.00","2504.51"
"2022-03-19","44628.27","176552.94","0.00","2535.06"
"2022-03-20","43441.99","178952.66","0.00","2426.65"
"2022-03-21","40670.18","176643.82","0.00","2491.14"
"2022-03-22","39046.20","176618.13","0.00","2018.53"
"2022-03-23","41260.76","182280.63","-0.00","1639.48"
"2022-03-24","41379.71","195463.17","-0.00","4005.78"
"2022-03-25","55828.65","197793.65","-0.00","2786.84"
"2022-03-26","66097.77","193006.39","0.00","2567.87"
"2022-03-27","58986.38","190235.43","0.00","3172.00"
"2022-03-28","57820.43","186584.73","0.00","976.25"
"2022-03-29","60888.79","173461.71","-0.00","1282.11"
"2022-03-30","55791.53","184915.73","-0.00","1755.90"
"2022-03-31","346647.18","176714.80","0.00","1708.88"
"2022-04-01","53367.22","179389.52","0.00","2050.27"
"2022-04-02","56067.53","172041.31","0.00","2121.44"
"2022-04-03","56903.05","149393.08","0.00","916.75"
"2022-04-04","59315.91","100543.90","0.00","707.16"
"2022-04-05","66272.08","124506.29","-0.00","686.92"
"2022-04-06","63434.82","120980.22","-0.00","760.34"
"2022-04-07","60998.37","118701.95","0.00","803.34"
"2022-04-08","62549.11","85845.90","-0.00","506.27"
"2022-04-09","57322.35","79923.88","-0.00","904.19"
"2022-04-10","61204.92","96454.47","0.00","617.72"
"2022-04-11","62519.54","73804.67","-0.00","547.78"
"2022-04-12","59523.53","82135.23","0.00","460.12"
"2022-04-13","60217.60","88837.73","-0.00","690.79"
"2022-04-14","71940.03","437781.95","0.00","1192.51"
"2022-04-15","58370.16","166300.09","-0.00","734.75"
"2022-04-16","74515.39","71850.95","-0.00","845.12"
"2022-04-17","82154.64","80370.81","0.00","819.68"
"2022-04-18","81862.84","82800.52","0.39","900.09"
"2022-04-19","83056.30","80968.79","0.00","697.64"
"2022-04-20","81423.08","90910.11","-0.00","652.45"
"2022-04-21","79807.80","86519.81","-0.00","831.25"
"2022-04-22","82272.28","110993.65","0.00","873.53"
"2022-04-23","85075.36","107299.57","0.00","569.42"
"2022-04-24","84609.82","97089.70","-0.00","626.54"
"2022-04-25","80168.83","98348.61","0.00","749.37"
"2022-04-26","76870.58","94256.79","0.00","613.72"
"2022-04-27","112935.28","101454.18","-0.00","659.48"
"2022-04-28","71750.73","114274.34","-0.00","927.01"
"2022-04-29","77678.11","115803.07","-0.00","758.54"
"2022-04-30","80381.84","128236.52","-0.00","806.79"
"2022-05-01","79305.13","110746.07","0.00","810.27"
"2022-05-02","76565.80","120206.11","0.00","711.54"
"2022-05-03","85178.28","121256.37","0.00","760.80"
"2022-05-04","81978.23","118932.86","0.00","862.14"
"2022-05-05","82968.88","118229.10","-0.00","893.03"
"2022-05-06","77589.87","119191.77","-0.00","787.74"
"2022-05-07","68696.34","113627.14","0.00","1052.11"
"2022-05-08","65704.21","137504.47","-0.00","1038.49"
"2022-05-09","66061.45","130527.93","-0.00","1479.53"
"2022-05-10","71254.07","118299.42","0.00","1247.76"
"2022-05-11","59452.67","120901.92","0.00","1147.29"
"2022-05-12","55521.63","132328.89","-0.00","1232.72"
"2022-05-13","52507.90","128071.05","0.00","1266.00"
"2022-05-14","48550.79","125562.46","-0.00","1173.67"
"2022-05-15","46145.47","125938.83","0.00","924.12"
"2022-05-16","43214.66","103583.94","0.00","447.02"
"2022-05-17","41755.74","88658.00","-0.00","543.22"
"2022-05-18","71244.80","69932.46","0.00","464.77"
"2022-05-19","77538.63","67067.35","-0.00","727.99"
"2022-05-20","79989.38","55044.47","0.00","714.67"
"2022-05-21","86511.23","56699.04","0.00","235.88"
"2022-05-22","84470.71","68126.69","0.00","411.58"
"2022-05-23","86340.53","61619.48","-0.00","646.47"
"2022-05-24","97019.89","64572.69","0.00","746.38"
"2022-05-25","97352.27","66137.53","-0.00","421.45"
"2022-05-26","93811.31","62972.75","0.00","224.38"
"2022-05-27","101226.72","66961.93","-0.00","306.09"
"2022-05-28","100574.57","51053.67","0.00","205.15"
"2022-05-29","121280.08","71120.14","-0.00","358.47"
"2022-05-30","140612.44","55383.66","0.00","612.70"
"2022-05-31","281014.91","157067.86","0.00","749.31"
"2022-06-01","103542.46","49237.47","-0.00","668.45"
"2022-06-02","112638.26","60545.51","0.00","545.24"
"2022-06-03","155172.26","164911.35","0.00","486.99"
"2022-06-04","108023.33","56273.88","0.00","411.76"
"2022-06-05","112839.58","72067.39","-0.00","412.15"
"2022-06-06","125539.98","58207.64","0.00","433.96"
"2022-06-07","118844.32","59396.85","-0.00","669.53"
"2022-06-08","123103.12","58853.74","0.00","604.48"
"2022-06-09","120977.82","60406.52","-0.00","663.08"
"2022-06-10","109042.70","63491.04","-0.00","557.36"
"2022-06-11","107730.07","63445.63","0.00","497.64"
"2022-06-12","81895.02","63730.16","-0.00","229.15"
"2022-06-13","109955.18","74276.55","-0.00","537.99"
"2022-06-14","113552.36","111070.10","0.00","490.40"
"2022-06-15","161803.78","58392.20","-0.00","517.90"
"2022-06-16","127566.06","63936.71","0.00","376.18"
"2022-06-17","119942.99","61963.25","-0.00","646.14"
"2022-06-18","113470.11","139346.45","0.00","993.26"
"2022-06-19","140244.62","61894.31","0.00","419.38"
"2022-06-20","118452.81","58472.97","-0.00","302.87"
"2022-06-21","126103.42","59384.18","0.00","300.85"
"2022-06-22","138301.52","60339.29","-0.00","384.97"
"2022-06-23","221750.63","52421.91","-0.00","973.03"
"2022-06-24","111642.98","50743.81","-0.00","540.73"
"2022-06-25","103504.46","67169.92","-0.00","439.30"
"2022-06-26","106066.61","56282.67","-0.00","626.93"
"2022-06-27","110098.01","62651.73","-0.00","632.05"
"2022-06-28","122015.46","64837.23","0.00","833.54"
"2022-06-29","119261.97","77529.54","0.00","824.38"
"2022-06-30","180546.07","64218.27","0.00","800.71"
"2022-07-01","486339.76","79640.10","-0.00","797.69"
"2022-07-02","114412.84","60879.77","0.00","692.90"
"2022-07-03","111560.89","72760.65","0.00","572.78"
"2022-07-04","129237.51","79846.06","0.00","518.14"
"2022-07-05","130428.25","92771.30","0.00","487.69"
"2022-07-06","517388.67","119632.22","23.10","635.31"
"2022-07-07","233974.11","120419.95","-0.00","855.39"
"2022-07-08","135951.12","61128.35","-0.00","645.60"
"2022-07-09","129877.93","58176.55","-15.94","470.76"
"2022-07-10","130076.63","65895.02","-1132.76","1567.33"
"2022-07-11","132171.01","58184.86","-1013.79","1354.54"
"2022-07-12","135976.90","59130.32","-709.06","1124.34"
"2022-07-13","118600.19","65366.66","-1574.77","2399.09"
"2022-07-14","271802.28","509109.22","-643.93","1667.13"
"2022-07-15","102796.91","95055.43","0.82","1221.07"
"2022-07-16","97967.58","85637.70","-644.98","1575.23"
"2022-07-17","101152.58","91777.86","-37.64","706.74"
"2022-07-18","133369.60","91442.44","-608.70","1249.23"
"2022-07-19","113931.97","82535.18","-2686.85","3312.83"
"2022-07-20","124776.98","80056.66","-2625.54","3312.34"
"2022-07-21","118330.63","88438.67","-2635.30","3282.00"
"2022-07-22","105880.30","90918.97","-2646.49","3335.59"
"2022-07-23","108811.67","97799.95","-2068.99","2673.21"
"2022-07-24","123378.23","84888.66","-1432.21","2025.16"
"2022-07-25","126564.32","77155.92","-2427.70","2958.75"
"2022-07-26","155189.05","80447.94","-2659.07","3199.63"
"2022-07-27","147719.06","80299.27","-1749.89","2699.63"
"2022-07-28","256899.70","77982.22","-1993.22","2946.96"
"2022-07-29","147089.59","82783.41","-2099.53","3577.62"
"2022-07-30","131647.07","86846.34","-1922.80","2774.94"
"2022-07-31","352596.74","192402.26","-2133.43","2592.54"
"2022-08-01","129044.53","89846.83","-1104.95","1619.93"
"2022-08-02","129522.98","95775.84","-0.36","656.83"
"2022-08-03","140149.73","94210.25","-706.40","1291.04"
"2022-08-04","160683.32","105507.08","-1024.63","1675.20"
"2022-08-05","125325.76","113510.66","-801.33","1379.41"
"2022-08-06","157646.23","115181.14","-170.72","755.07"
"2022-08-07","300074.27","108159.78","0.00","713.16"
"2022-08-08","124583.40","106969.15","-3.58","737.00"
"2022-08-09","158744.04","98635.20","-346.38","1140.76"
"2022-08-10","133509.73","105428.84","0.00","631.34"
"2022-08-11","145449.62","97327.98","-0.00","765.22"
"2022-08-12","136152.78","94672.72","2.91","721.27"
"2022-08-13","228526.14","101499.51","79.27","710.72"
"2022-08-14","146651.24","97531.84","202.28","824.46"
"2022-08-15","135438.56","105446.91","197.86","895.17"
"2022-08-16","698329.00","175392.35","181.40","1507.04"
"2022-08-17","177088.81","82862.38","126.64","552.10"
"2022-08-18","183465.42","89488.97","47.30","581.84"
"2022-08-19","172976.75","93611.76","0.00","902.28"
"2022-08-20","169113.98","87993.54","25.45","945.62"
"2022-08-21","168665.11","88983.92","0.00","871.45"
"2022-08-22","164262.01","87177.00","0.00","1087.97"
"2022-08-23","201218.99","93199.16","0.00","819.65"
"2022-08-24","171919.37","81538.55","0.00","699.75"
"2022-08-25","208365.91","108613.04","-1.05","801.76"
"2022-08-26","199808.14","117561.28","-12.60","851.23"
"2022-08-27","201550.09","114084.05","-1334.39","2403.41"
"2022-08-28","316181.31","107936.92","-738.48","2912.15"
"2022-08-29","222094.49","108740.12","6.34","1530.52"
"2022-08-30","205695.99","104861.20","-692.11","2523.28"
"2022-08-31","490766.81","148950.52","-18938.25","21229.97"
"2022-09-01","198293.95","111909.91","-3659.37","5818.67"
"2022-09-02","189584.85","110892.31","30.07","2124.84"
"2022-09-03","196559.86","109106.33","-0.00","1839.63"
"2022-09-04","323010.85","105339.66","-691.76","2659.29"
"2022-09-05","217918.49","137684.32","-4448.69","5977.53"
"2022-09-06","238437.26","109870.69","-947.82","2409.40"
"2022-09-07","222914.22","120988.57","-0.00","1728.77"
"2022-09-08","213923.01","112954.01","-0.00","1598.65"
"2022-09-09","214605.83","202558.92","-0.00","1046.64"
"2022-09-10","226431.82","149812.78","0.00","1323.07"
"2022-09-11","272617.00","106864.81","-0.00","1709.83"
"2022-09-12","223440.95","135225.24","0.00","1405.19"
"2022-09-13","210006.37","123655.89","-0.00","1588.57"
"2022-09-14","181449.16","110842.15","-0.00","1151.93"
"2022-09-15","222632.62","120475.67","-3132.50","4232.85"
"2022-09-16","228308.03","116854.95","0.00","1201.07"
"2022-09-17","247871.26","115442.60","-14045.36","15123.90"
"2022-09-18","203537.09","138478.21","0.00","1035.81"
"2022-09-19","220649.56","128559.24","-2634.31","3678.35"
"2022-09-20","216102.48","156426.89","0.00","1470.77"
"2022-09-21","199718.51","158487.90","306.78","2141.24"
"2022-09-22","228179.96","178017.67","0.00","1515.55"
"2022-09-23","194396.34","173402.00","3.14","1356.37"
"2022-09-24","232523.12","157379.81","-17148.62","18098.17"
"2022-09-25","206480.52","154771.46","-0.00","1130.79"
"2022-09-26","525345.21","197942.49","-16408.76","17676.48"
"2022-09-27","378217.03","308487.64","16.97","1612.68"
"2022-09-28","260888.38","154413.16","42.81","1789.95"
"2022-09-29","195271.94","170471.08","1053.78","2937.90"
"2022-09-30","678720.80","226343.53","788.26","3562.52"
"2022-10-01","204007.36","165412.50","33.94","3127.04"
"2022-10-02","187497.18","157313.44","672.13","2895.80"
"2022-10-03","182428.47","139027.30","1350.36","2465.81"
"2022-10-04","257396.65","189923.73","195.94","3064.50"
"2022-10-05","207097.80","131081.62","772.76","2621.62"
"2022-10-06","215609.99","122576.73","520.18","2439.07"
"2022-10-07","221374.66","126175.65","208.57","2084.99"
"2022-10-08","280013.29","137566.42","296.57","1982.99"
"2022-10-09","325452.34","179385.11","242.01","1899.37"
"2022-10-10","226003.66","152577.97","107.69","1796.82"
"2022-10-11","212970.04","147873.85","155.88","1823.70"
"2022-10-12","213981.19","156322.08","-0.00","1635.87"
"2022-10-13","228897.82","155408.36","255.59","1874.42"
"2022-10-14","223834.65","169123.67","253.88","1297.08"
"2022-10-15","218059.45","170259.95","56.62","1543.69"
"2022-10-16","231772.91","201139.44","-730.58","2629.51"
"2022-10-17","264007.49","167046.32","-848.26","2786.18"
"2022-10-18","192062.71","174849.76","-888.61","3060.34"
"2022-10-19","177397.96","161464.31","-887.01","2495.83"
"2022-10-20","195614.09","257438.48","-649.40","2315.87"
"2022-10-21","287117.08","182706.38","-746.82","2006.99"
"2022-10-22","219343.54","367401.86","154.64","1311.80"
"2022-10-23","225998.62","176183.54","63.45","969.68"
"2022-10-24","211153.66","248781.77","113.79","918.42"
"2022-10-25","224297.46","166704.71","-2849.92","3977.07"
"2022-10-26","217121.53","154270.12","-2377.89","3922.69"
"2022-10-27","204638.31","143169.39","-2017.62","4645.45"
"2022-10-28","221586.09","195871.48","-1785.64","5309.87"
"2022-10-29","214276.28","161010.02","-3188.29","5592.12"
"2022-10-30","226288.70","157527.32","-2249.93","4773.31"
"2022-10-31","679872.63","2896292.27","-2811.63","3956.39"
"2022-11-01","195530.00","445861.83","-2782.16","4482.48"
"2022-11-02","209665.04","172940.42","-2634.18","4659.56"
"2022-11-03","202932.41","162821.17","-2698.86","4581.93"
"2022-11-04","206518.03","172205.39","-2806.71","4447.06"
"2022-11-05","207569.68","153268.81","-3194.30","5015.39"
"2022-11-06","199736.58","149411.27","-2228.08","4228.88"
"2022-11-07","244444.78","0.00","153575.13","4157.38"
"2022-11-08","186195.99","0.00","156898.71","4070.69"
"2022-11-09","284568.02","0.00","242509.42","5279.82"
"2022-11-10","644122.46","0.00","237500.34","4173.10"
"2022-11-11","242869.39","0.00","143651.00","4282.30"
"2022-11-12","177963.07","0.00","142891.58","2049.62"
"2022-11-13","2067626.32","0.00","164976.19","1861.90"
"2022-11-14","221968.76","0.00","181093.02","2184.08"
"2022-11-15","233786.39","0.00","149302.19","6187.24"
"2022-11-16","186541.16","0.00","161037.21","6090.67"
"2022-11-17","191520.74","0.00","215499.69","7430.25"
"2022-11-18","215864.32","0.00","162935.32","5604.03"
"2022-11-19","221213.08","0.00","426080.42","6173.49"
"2022-11-20","163572.51","0.00","214039.97","11748.92"
"2022-11-21","197861.60","0.00","184410.07","10813.74"
"2022-11-22","172542.10","0.00","179640.63","9926.32"
"2022-11-23","239177.00","0.00","217113.75","11237.53"
"2022-11-24","162402.51","0.00","160375.52","11342.10"
"2022-11-25","184169.70","0.00","230857.10","10723.99"
"2022-11-26","262178.32","0.00","174496.62","11648.86"
"2022-11-27","149201.19","0.00","193042.88","5848.94"
"2022-11-28","178659.57","0.00","220934.48","7451.26"
"2022-11-29","142834.87","0.00","190519.67","8724.11"
"2022-11-30","133739.62","0.00","615813.89","12058.01"
"2022-12-01","118047.53","0.00","229608.11","7147.69"
"2022-12-02","100013.62","0.00","216144.09","10256.56"
"2022-12-03","102228.18","0.00","233985.46","10968.85"
"2022-12-04","96238.11","0.00","334276.46","10377.88"
"2022-12-05","104986.17","0.00","258196.88","9183.56"
"2022-12-06","91154.89","0.00","248363.84","10376.30"
"2022-12-07","108557.65","0.00","417238.67","9677.67"
"2022-12-08","89151.48","0.00","257402.60","7228.41"
"2022-12-09","142997.04","0.00","222983.61","5050.71"
"2022-12-10","82320.62","0.00","216508.19","5981.28"
"2022-12-11","77735.89","0.00","628299.95","6575.16"
"2022-12-12","81533.59","0.00","251474.50","7413.74"
"2022-12-13","120811.72","0.00","315861.48","6758.47"
"2022-12-14","82305.97","0.00","307601.63","22597.06"
"2022-12-15","80396.91","0.00","300620.83","10760.55"
"2022-12-16","83543.03","0.00","286698.83","10221.53"
"2022-12-17","78828.43","0.00","385366.49","9784.58"
"2022-12-18","78272.98","0.00","249376.82","5988.66"
"2022-12-19","77940.63","0.00","819513.19","7647.33"
"2022-12-20","74353.64","0.00","318143.58","6398.64"
"2022-12-21","56639.10","0.00","192674.17","6300.86"
"2022-12-22","58711.80","0.00","197990.25","10762.21"
"2022-12-23","71825.81","0.00","254970.78","7695.90"
"2022-12-24","69673.73","0.00","332121.22","7108.46"
"2022-12-25","80812.74","0.00","272182.36","10161.55"
"2022-12-26","126740.39","0.00","306430.13","8918.88"
"2022-12-27","183173.20","0.00","289966.25","12797.15"
"2022-12-28","252405.22","0.00","305774.94","13721.97"
"2022-12-29","72132.44","0.00","329144.14","10072.83"
"2022-12-30","73789.79","0.00","452367.56","11943.55"
"2022-12-31","164171.39","0.00","858179.96","11033.67"
"2023-01-01","68251.77","0.00","384039.82","11693.64"
"2023-01-02","67369.97","0.00","436952.36","10366.14"
"2023-01-03","62681.78","0.00","378927.27","11825.90"
"2023-01-04","67519.29","0.00","396034.15","12545.90"
"2023-01-05","67508.95","0.00","336745.48","11775.50"
"2023-01-06","61151.82","0.00","339788.32","10373.27"
"2023-01-07","64759.80","0.00","392513.75","10759.21"
"2023-01-08","58538.03","0.00","412386.12","11417.33"
"2023-01-09","49972.59","0.00","549472.22","44793.60"
"2023-01-10","48785.83","0.00","305692.50","6916.01"
"2023-01-11","49532.60","0.00","301704.70","8613.54"
"2023-01-12","63531.52","0.00","294884.07","11794.35"
"2023-01-13","39116.29","0.00","319616.24","12560.28"
"2023-01-14","56249.86","0.00","856216.79","11169.17"
"2023-01-15","39297.75","0.00","336337.60","10025.11"
"2023-01-16","37558.62","0.00","356086.36","10002.71"
"2023-01-17","37435.52","0.00","380907.91","10338.24"
"2023-01-18","39656.71","0.00","650117.20","11152.48"
"2023-01-19","46643.93","0.00","344701.41","12361.37"
"2023-01-20","38191.88","0.00","361940.20","12546.90"
"2023-01-21","34606.39","0.00","354741.91","14693.44"
"2023-01-22","32709.81","0.00","367236.38","11353.24"
"2023-01-23","34025.34","0.00","417987.74","10941.85"
"2023-01-24","42070.55","0.00","372861.33","10790.88"
"2023-01-25","36900.56","0.00","424878.46","6420.76"
"2023-01-26","37770.55","0.00","354010.63","5812.47"
"2023-01-27","33918.33","0.00","348494.59","4160.97"
"2023-01-28","34332.64","0.00","331270.31","5669.37"
"2023-01-29","39043.86","0.00","459726.31","6339.87"
"2023-01-30","35408.83","0.00","372792.34","6341.07"
"2023-01-31","36446.01","0.00","362862.02","7846.84"
"2023-02-01","54834.79","0.00","301851.75","5636.11"
"2023-02-02","29242.05","0.00","309156.61","5071.18"
"2023-02-03","30707.74","0.00","407116.58","4980.39"
"2023-02-04","32003.37","0.00","336807.94","6853.71"
"2023-02-05","33026.94","0.00","283032.89","5686.66"
