,stat_date,base_fee_burn,miner_tip,overestimation_fee,penalty_fee,protocol_revenue
0,2020-10-15 00:00:00+00:00,0.003179233745109129,78.22588896036264,0.000307452334949083,34101.974663088076,34180.20403873452
1,2020-10-16 00:00:00+00:00,0.001823767097084691,60.85044094943802,0.000225731232879502,10826.291451282246,10887.143941730013
2,2020-10-17 00:00:00+00:00,0.001722891978309765,47.025706597151355,0.000153125020115618,6341.653738628474,6388.681321242623
3,2020-10-18 00:00:00+00:00,0.001770288957461821,47.203280984050096,0.000160521143189043,5977.38708436508,6024.592296159231
4,2020-10-19 00:00:00+00:00,0.001637799134885628,47.07622671637456,0.000149895238761039,4557.780123037516,4604.858137448265
5,2020-10-20 00:00:00+00:00,0.001873597114304428,49.0410268559633,0.00016454138698026,4618.821007580276,4667.864072574741
6,2020-10-21 00:00:00+00:00,0.002060065591941095,73.9497812180993,0.000180336937766117,4564.245188190883,4638.197209811512
7,2020-10-22 00:00:00+00:00,0.00191648273152415,39.820124798632804,0.000176291973690421,5715.917905826961,5755.740123400299
8,2020-10-23 00:00:00+00:00,0.002065043013788625,30.48766961942219,0.000212640166579831,11015.311781333075,11045.801728635677
9,2020-10-24 00:00:00+00:00,0.002279837815826222,31.861001941536667,0.000215983291899273,4746.855268074223,4778.7187658368675
10,2020-10-25 00:00:00+00:00,0.00267176332970137,32.958176687943556,0.000225010971576249,4028.589641493369,4061.550714955614
11,2020-10-26 00:00:00+00:00,0.003058406922555046,37.86640717665394,0.000242496915886873,115748.71354257812,115786.58325065862
12,2020-10-27 00:00:00+00:00,0.003240174167352415,28.05577697748846,0.000258713258432976,15226.3720049436,15254.431280808514
13,2020-10-28 00:00:00+00:00,0.003620215056221547,18.445505747674268,0.000283586766055473,2995.029036562398,3013.4784461118943
14,2020-10-29 00:00:00+00:00,0.003827006350353526,22.294818290259194,0.000292920764666388,10238.4807584476,10260.779696664975
15,2020-10-30 00:00:00+00:00,0.004256554770323336,42.43293415787334,0.000321276316336254,5467.526564523652,5509.964076512612
16,2020-10-31 00:00:00+00:00,0.00364215751457915,73.95537154372525,0.00028505615635837,9531.196229985862,9605.155528743258
17,2020-11-01 00:00:00+00:00,0.004337265137700066,35.67451602290022,0.00033833521587957,3165.484785984363,3201.1639776076167
18,2020-11-02 00:00:00+00:00,0.003993988370373198,31.721998267738996,0.000312861430105122,3417.4274570163047,3449.1537621338443
19,2020-11-03 00:00:00+00:00,0.003516143289387196,32.2045076030432,0.000291054506654237,4306.514089288735,4338.722404089574
20,2020-11-04 00:00:00+00:00,0.003947038706234395,34.530933268199576,0.000309967902416963,5366.204785606243,5400.739975881051
21,2020-11-05 00:00:00+00:00,0.004189746031112684,54.97407182238352,0.000323326313943742,8858.73247197075,8913.711056865479
22,2020-11-06 00:00:00+00:00,0.003959933237644551,41.01015118716342,0.000310004184460575,6531.437068619166,6572.451489743751
23,2020-11-07 00:00:00+00:00,0.004823946892189419,53.17494080459005,0.000383457632631384,4133.880917422093,4187.061065631208
24,2020-11-08 00:00:00+00:00,0.005407600829027141,57.31056082807298,0.000435244432823007,4364.0933421852815,4421.409745858617
25,2020-11-09 00:00:00+00:00,0.009955340276311227,63.48334328464592,0.000815164096878559,3611.7619691994446,3675.2560829884637
26,2020-11-10 00:00:00+00:00,4401.858211964101,66.07063763035838,359.50173212817697,6057.857371441154,10885.287953163792
27,2020-11-11 00:00:00+00:00,10998.186234620794,91.51569820452045,882.6729909603329,8156.75271634696,20129.12764013261
28,2020-11-12 00:00:00+00:00,12302.410506478414,62.99843768319721,918.3056078924046,28537.46256511911,41821.17711717312
29,2020-11-13 00:00:00+00:00,26414.640429617182,45.812155356685594,1705.841629254673,6236.287540754382,34402.58175498292
30,2020-11-14 00:00:00+00:00,31482.218793196236,17.92671964010533,2086.760812473721,22265.583930264227,55852.49025557429
31,2020-11-15 00:00:00+00:00,27696.826967685818,72.54451248044404,2081.921569418864,11363.892714542035,41215.18576412716
32,2020-11-16 00:00:00+00:00,15732.9847387243,57.729738636978276,1474.0936307649847,9888.16985182419,27152.977959950455
33,2020-11-17 00:00:00+00:00,38022.68609883441,125.82888929044938,3724.2485686747955,23429.961333045216,65302.724889844874
34,2020-11-18 00:00:00+00:00,49065.713465266184,413.11883174633857,3490.5141639969293,19572.72325626996,72542.06971727942
35,2020-11-19 00:00:00+00:00,57298.93096153279,483.92395707356235,3826.0354257764725,19838.52182704235,81447.41217142517
36,2020-11-20 00:00:00+00:00,59245.844193168065,1351.3352244704333,4783.413423770768,15409.04852545326,80789.64136686253
37,2020-11-21 00:00:00+00:00,15427.851530345755,363.4570724945561,1037.3253582233299,5240.168107833662,22068.802068897305
38,2020-11-22 00:00:00+00:00,57911.80313032063,273.4496904363102,3727.127058963386,23473.965431164455,85386.34531088479
39,2020-11-23 00:00:00+00:00,19815.56615263641,96.71242628183023,1177.6689353307863,4612.469471245466,25702.41698549449
40,2020-11-24 00:00:00+00:00,29.910022800442857,49.66119658858292,1.6744364981512567,5166.947596246808,5248.193252133985
41,2020-11-25 00:00:00+00:00,0.00384271679707329,32.69495321752106,0.000173823295769858,3897.01753171844,3929.716501476054
42,2020-11-26 00:00:00+00:00,3.278404865466445,67.29930531789937,0.14552076194584035,8625.842927514555,8696.566158459867
43,2020-11-27 00:00:00+00:00,55727.81213718917,378.78627027505604,3450.870614512224,44566.198789589704,104123.66781156615
44,2020-11-28 00:00:00+00:00,69109.44401235833,364.58223617143665,5012.527922287411,45473.864555026616,119960.4187258438
45,2020-11-29 00:00:00+00:00,26924.662759196046,76.0264650832025,1422.1363918414527,15500.009016947302,43922.83463306801
46,2020-11-30 00:00:00+00:00,76269.36413700557,191.91000570571086,4712.177566203912,39373.86972337568,120547.32143229088
47,2020-12-01 00:00:00+00:00,85407.54996052869,199.73126615192803,4611.602096148187,44025.61324215054,134244.49656497934
48,2020-12-02 00:00:00+00:00,111038.29085363256,386.5313821033457,5896.012578420973,38945.24824607871,156266.08306023557
49,2020-12-03 00:00:00+00:00,111386.47241046728,545.4091025638633,6440.613685794773,32850.358736454036,151222.85393527994
50,2020-12-04 00:00:00+00:00,45876.21807124058,97.40375225623744,2124.684375923739,14687.794879297935,62786.10107871849
51,2020-12-05 00:00:00+00:00,118595.52276894634,434.28526386811274,5538.807825300565,25036.025651141354,149604.64150925635
52,2020-12-06 00:00:00+00:00,125505.34532462065,423.7336929686447,5634.761028470413,16412.44437056011,147976.2844166198
53,2020-12-07 00:00:00+00:00,98629.56495598944,251.71290451887526,4223.283913198398,7695.371197855966,110799.93297156267
54,2020-12-08 00:00:00+00:00,150168.4787258588,491.7686395350856,7052.2620102535,10498.302614072833,168210.8119897202
55,2020-12-09 00:00:00+00:00,150745.9234219383,452.85676152361896,7050.701349009221,30542.54236348552,188792.02389595666
56,2020-12-10 00:00:00+00:00,125311.74383670339,215.8372388515337,5601.376297305326,6979.510040400442,138108.4674132607
57,2020-12-11 00:00:00+00:00,192045.8851025979,187.97244153291555,9134.036366317772,9034.796757377857,210402.69066782645
58,2020-12-12 00:00:00+00:00,185051.87835587165,269.5384465333861,8473.196215874745,9821.541312412544,203616.1543306923
59,2020-12-13 00:00:00+00:00,163423.58467107965,188.66097301695325,7066.679363126884,9778.206474485638,180457.13148170913
60,2020-12-14 00:00:00+00:00,171354.86496258888,197.9107876372945,7686.476092455489,9959.500467236809,189198.75230991846
61,2020-12-15 00:00:00+00:00,194364.7515087201,124.84053445732357,9320.791826845263,8911.116318019633,212721.50018804232
62,2020-12-16 00:00:00+00:00,184440.76345741702,129.85284865085973,8372.527570729315,18415.915642426648,211359.05951922384
63,2020-12-17 00:00:00+00:00,174474.2501159631,173.72455489321348,7589.936570997086,5534.676040430724,187772.58728228413
64,2020-12-18 00:00:00+00:00,156712.65780802898,168.10023268813617,6558.171124869783,6006.566734053957,169445.49589964084
65,2020-12-19 00:00:00+00:00,84353.85023390697,2078.9406685522486,3526.622583555206,7050.619732024525,97010.03321803895
66,2020-12-20 00:00:00+00:00,34018.687224457135,391.9889832668507,2094.026943473238,15760.9036639547,52265.60681515192
67,2020-12-21 00:00:00+00:00,88712.08000176707,97.16785470113116,3743.3980970665684,7271.949934000038,99824.5958875348
68,2020-12-22 00:00:00+00:00,137921.53093165215,132.19765819461276,7903.65160778598,5572.026163550342,151529.4063611831
69,2020-12-23 00:00:00+00:00,173897.5681443912,99.7170806247249,10815.494358199925,6514.708188452029,191327.48777166786
70,2020-12-24 00:00:00+00:00,151786.24983524383,81.27270417120509,7903.244245853602,4537.154746084401,164307.92153135303
71,2020-12-25 00:00:00+00:00,187511.88895928193,122.00380540508806,9980.106640400067,5297.325148775354,202911.32455386245
72,2020-12-26 00:00:00+00:00,152380.97569301038,137.69979409589345,8136.169252576839,4875.747038225714,165530.5917779088
73,2020-12-27 00:00:00+00:00,151375.83348040018,121.82951266175688,7605.583182287405,3382.840386783725,162486.08656213307
74,2020-12-28 00:00:00+00:00,158390.68171521876,134.33225857782924,8246.806500637098,3891.4414586995276,170663.2619331332
75,2020-12-29 00:00:00+00:00,159963.16134492488,124.25799072562891,8249.934343609511,5146.017893137079,173483.37157239713
76,2020-12-30 00:00:00+00:00,169401.28912788295,160.32686407901875,8717.862232985473,4192.860023272281,182472.33824821972
77,2020-12-31 00:00:00+00:00,176039.55830471576,201.19056878478128,9004.564991604828,4809.947321062257,190055.26118616763
78,2021-01-01 00:00:00+00:00,168426.06096938558,169.8416450065995,8370.136885042923,4447.5850812998915,181413.62458073496
79,2021-01-02 00:00:00+00:00,135525.91606601403,118.51888387270564,5728.878189553298,3484.579371195408,144857.89251063546
80,2021-01-03 00:00:00+00:00,179859.96928496117,160.72733511114726,7831.5313163301125,4827.264736007559,192679.49267240998
81,2021-01-04 00:00:00+00:00,133212.0731723831,150.12669288514635,5632.214977573926,3438.1667793278757,142432.58162217005
82,2021-01-05 00:00:00+00:00,140361.43669685713,126.33447108949439,5748.256090717959,3946.203431879316,150182.23069054392
83,2021-01-06 00:00:00+00:00,172838.56560683774,181.82594206347244,7004.001622787303,4579.463430333448,184603.85660202196
84,2021-01-07 00:00:00+00:00,186393.2380590915,173.07660920184583,8024.920393156028,5220.86277742849,199812.09783887787
85,2021-01-08 00:00:00+00:00,200856.26958490122,212.89803454938118,9809.603628371653,6749.2036708252035,217627.97491864747
86,2021-01-09 00:00:00+00:00,123576.24485571554,125.16212398691927,4990.541288137619,3688.7594394305215,132380.7077072706
87,2021-01-10 00:00:00+00:00,108399.9492818463,86.12759312564225,4463.947388728785,3091.417785192122,116041.44204889286
88,2021-01-11 00:00:00+00:00,82132.00175245557,54.94277968002918,3350.0749240019522,2755.5320753528727,88292.55153149043
89,2021-01-12 00:00:00+00:00,95869.53482271268,70.55630868688822,4050.675701261486,2670.870327510354,102661.6371601714
90,2021-01-13 00:00:00+00:00,164602.69792708027,195.9784493388417,7812.270072713409,3926.620162490077,176537.5666116226
91,2021-01-14 00:00:00+00:00,189293.1001926373,168.23079951569224,9163.882815001149,6183.810581832558,204809.02438898673
92,2021-01-15 00:00:00+00:00,176305.08701507925,155.23592302792957,7567.742518459996,4191.992653811154,188220.05811037833
93,2021-01-16 00:00:00+00:00,129966.62829283105,116.61381079490775,5459.940078629253,3483.059148694371,139026.24133094956
94,2021-01-17 00:00:00+00:00,204355.8766365141,320.6965881198325,9474.286343062931,6615.391417060007,220766.2509847569
95,2021-01-18 00:00:00+00:00,137158.74411837972,246.81360151125685,6186.4090763740405,4744.2082224571,148336.17501872213
96,2021-01-19 00:00:00+00:00,149474.95516675492,207.24750485124144,6230.187522842014,3393.0902519704287,159305.4804464186
97,2021-01-20 00:00:00+00:00,104228.28588823696,178.25835761576062,4004.1874885067646,4070.7598133615493,112481.49154772105
98,2021-01-21 00:00:00+00:00,84315.72943725938,157.87526448605414,3465.7859484265264,2944.7902069664624,90884.1808571384
99,2021-01-22 00:00:00+00:00,80441.20044111923,210.32993856209072,3436.3560983811903,6097.756424842536,90185.64290290505
100,2021-01-23 00:00:00+00:00,154612.41617300027,212.18831211321714,6418.396431274071,6389.912878985902,167632.91379537346
101,2021-01-24 00:00:00+00:00,130640.9996331859,170.67611129966633,5599.387710817896,6394.8361998449745,142805.89965514845
102,2021-01-25 00:00:00+00:00,116641.4318412263,179.16885517555397,4829.31679825628,5685.4405725289635,127335.35806718709
103,2021-01-26 00:00:00+00:00,160106.17090327822,240.3164612572372,6726.393346926183,6625.596941060969,173698.47765252262
104,2021-01-27 00:00:00+00:00,143175.94602865764,190.89557873260378,5924.457386235866,4746.140200603665,154037.43919422975
105,2021-01-28 00:00:00+00:00,147357.58243731613,185.88503081954988,6239.429746803051,3303.1891818197655,157086.08639675847
106,2021-01-29 00:00:00+00:00,154670.64232395182,203.33999662621602,6736.976622186075,4296.219126336993,165907.17806910112
107,2021-01-30 00:00:00+00:00,104712.31293631488,144.86282858825243,4303.6503786659805,2699.7144234151647,111860.54056698427
108,2021-01-31 00:00:00+00:00,134481.23484584628,165.43595256251197,5690.6530254053005,2927.412758285877,143264.73658209998
109,2021-02-01 00:00:00+00:00,128997.7640684811,134.23353812135377,5268.517697151565,2368.725882497255,136769.24118625128
110,2021-02-02 00:00:00+00:00,149656.4748268677,118.2470886114767,6640.916367334973,5447.538405859108,161863.17668867327
111,2021-02-03 00:00:00+00:00,144090.52563655365,114.52922127447039,6359.585760950984,2783.227520314896,153347.868139094
112,2021-02-04 00:00:00+00:00,139451.8395906116,95.1811724373817,5965.264124496226,3024.1382536385318,148536.42314118374
113,2021-02-05 00:00:00+00:00,142698.33329226635,79.0223786378539,5838.0228129797615,2601.1087466761646,151216.48723056013
114,2021-02-06 00:00:00+00:00,170413.66377387338,112.8004823368312,7190.783789603377,3843.758040120044,181561.00608593365
115,2021-02-07 00:00:00+00:00,156298.83763544366,106.17208251015619,6540.036476435226,4014.8006199078686,166959.84681429694
116,2021-02-08 00:00:00+00:00,108921.28646430731,124.46416802627466,4480.079963377258,2433.8225360016195,115959.65313171246
117,2021-02-09 00:00:00+00:00,141226.63008444724,119.6422024362631,5987.28481650174,2852.28954865182,150185.84665203706
118,2021-02-10 00:00:00+00:00,155210.951442742,120.01517685260168,6796.394882339249,3510.6421922572804,165638.00369419114
119,2021-02-11 00:00:00+00:00,87607.4503961681,91.93590615255879,3656.485746292433,3589.781929900659,94945.65397851376
120,2021-02-12 00:00:00+00:00,89961.52209083336,80.27464701100374,3661.0380939193806,4520.961242627855,98223.7960743916
121,2021-02-13 00:00:00+00:00,76606.91837199686,38.78169261290814,3118.6713575152085,1994.8420283390774,81759.21345046404
122,2021-02-14 00:00:00+00:00,18644.876538383985,18.360433237160425,720.5042796301063,1138.4339167456228,20522.175167996877
123,2021-02-15 00:00:00+00:00,8658.298037425142,13.786749251981552,299.4648256186044,761.1979665563075,9732.747578852035
124,2021-02-16 00:00:00+00:00,54003.48428263042,74.14839379372755,2227.1466042529496,1449.6298054276585,57754.40908610476
125,2021-02-17 00:00:00+00:00,78000.52848460965,111.11577860759694,3438.5794974861706,2056.1013388161023,83606.32509951951
126,2021-02-18 00:00:00+00:00,161683.31394482646,239.50620234458736,7380.399252906086,2874.35880835664,172177.57820843376
127,2021-02-19 00:00:00+00:00,149710.94325565,208.48954166244894,6900.978974124512,3794.4721373697475,160614.8839088067
128,2021-02-20 00:00:00+00:00,36481.8179845558,93.72240390017879,1333.2277660973396,1672.4210380586444,39581.189192611964
129,2021-02-21 00:00:00+00:00,148380.3849287039,221.55542731334202,6118.945171666176,3072.5092892450293,157793.39481692846
130,2021-02-22 00:00:00+00:00,43401.137189746725,90.01666523805395,1636.951042009351,1828.7203826370176,46956.82527963114
131,2021-02-23 00:00:00+00:00,118888.46416917485,125.82175693738319,5019.991634878519,2429.6854836461403,126463.9630446369
132,2021-02-24 00:00:00+00:00,172656.8540950423,254.58755558472515,7921.802010224141,4315.655445626725,185148.8991064779
133,2021-02-25 00:00:00+00:00,112263.6079052438,103.27300716764364,5023.470567209031,3351.4900835446056,120741.84156316509
134,2021-02-26 00:00:00+00:00,66019.32570303646,100.50872018776248,2858.6458330676105,2325.6597885857477,71304.14004487758
135,2021-02-27 00:00:00+00:00,135338.9175024097,154.1245957060267,6313.283894117716,3196.2647271558926,145002.59071938932
136,2021-02-28 00:00:00+00:00,95026.9553262113,111.11964394086098,4326.468695548159,44520.96514014504,143985.50880584537
137,2021-03-01 00:00:00+00:00,29697.008722225473,55.82899610834215,1317.137226396999,2110.543512192474,33180.51845692329
138,2021-03-02 00:00:00+00:00,129273.41034370617,102.74076704027445,5903.443324049032,3991.9731079735657,139271.56754276904
139,2021-03-03 00:00:00+00:00,23308.534847022936,50.15750003740995,994.8060912212267,1620.7669678439593,25974.265406125534
140,2021-03-04 00:00:00+00:00,2290.061173890645,12.473757939535652,117.65385649649131,2800.8314755778338,5221.020263904506
141,2021-03-05 00:00:00+00:00,67819.3408794068,101.53388547921742,3815.494094110792,2727.9869224720737,74464.35578146888
142,2021-03-06 00:00:00+00:00,94219.80326746125,105.01718407955845,5557.599231683613,4556.347719531497,104438.7674027559
143,2021-03-07 00:00:00+00:00,114587.19900240519,142.6677106748865,7149.603408955107,6230.118673101255,128109.58879513644
144,2021-03-08 00:00:00+00:00,75012.54708887952,108.17343810075512,4399.076973918835,3932.4155489082827,83452.2130498074
145,2021-03-09 00:00:00+00:00,142446.93273644973,167.4154211822496,9818.174751009079,6689.2411584399115,159121.764067081
146,2021-03-10 00:00:00+00:00,80219.30352544555,103.95370220488283,4586.431072972311,5196.445454546923,90106.13375516966
147,2021-03-11 00:00:00+00:00,72009.88535087332,112.73903918176157,4003.259047973065,2695.471442110777,78821.35488013893
148,2021-03-12 00:00:00+00:00,57301.48995736721,110.50522956411338,3371.1851192001313,2162.4388693529067,62945.61917548436
149,2021-03-13 00:00:00+00:00,38525.88371179192,84.39626998292603,1960.2514438672772,1947.578063902855,42518.10948954498
150,2021-03-14 00:00:00+00:00,64504.51397124376,182.5975249621999,3850.9257892759233,2893.687383085706,71431.7246685676
151,2021-03-15 00:00:00+00:00,63354.99461458379,160.46477467811422,3978.7635249726213,2484.095015908832,69978.31793014336
152,2021-03-16 00:00:00+00:00,87815.74573314369,234.30516030360528,5584.2824487244525,2393.180688201898,96027.51403037364
153,2021-03-17 00:00:00+00:00,24576.53292894168,65.70608030351663,1371.6478444205704,1749.9668032432244,27763.853656908992
154,2021-03-18 00:00:00+00:00,57159.570052813484,133.44427630268498,3327.900523913822,2347.579628304295,62968.49448133428
155,2021-03-19 00:00:00+00:00,46699.44044201648,126.91940933408831,2787.4179152939855,2152.9116121541874,51766.689378798736
156,2021-03-20 00:00:00+00:00,37261.98081172732,109.90784525947576,2012.5909307123002,1625.6413408153935,41010.120928514494
157,2021-03-21 00:00:00+00:00,82543.86369566624,344.26648716248945,4911.413001097158,2323.2779907041036,90122.82117462998
158,2021-03-22 00:00:00+00:00,22067.79376881881,77.01234623816093,1137.5937652583495,1367.6068399668873,24650.006720282207
159,2021-03-23 00:00:00+00:00,224835.5295409005,662.0859655586719,18234.438923032012,6894.0060341931685,250626.06046368438
160,2021-03-24 00:00:00+00:00,159881.31461135793,363.2906223742337,13409.329529507846,8762.495956359482,182416.4307195995
161,2021-03-25 00:00:00+00:00,46603.10601169749,224.8108952292787,3024.82583073481,2966.360206744265,52819.102944405844
162,2021-03-26 00:00:00+00:00,91975.54490654575,409.98778183712085,6048.156507808716,4317.676781873775,102751.36597806535
163,2021-03-27 00:00:00+00:00,90954.74684584593,523.3834704810788,5633.3227518840085,2937.424573402157,100048.87764161317
164,2021-03-28 00:00:00+00:00,105388.97529495528,493.4547511795959,6617.733276669588,2547.9195209722634,115048.08284377673
165,2021-03-29 00:00:00+00:00,123585.26702468772,395.5029934678491,7993.65538189762,3907.850984026795,135882.27638407997
166,2021-03-30 00:00:00+00:00,54359.57391089337,278.0820274594966,2959.033264503383,2142.9826507296,59739.67185358585
167,2021-03-31 00:00:00+00:00,44609.83636922802,206.139484989779,2182.907093215942,2200.6508324687557,49199.53377990249
168,2021-04-01 00:00:00+00:00,56828.012573035456,334.2440090522832,2959.687806069786,2153.0899097279425,62275.03429788546
169,2021-04-02 00:00:00+00:00,100677.39149675466,538.846195279796,5593.881926103622,2413.126903086717,109223.24652122479
170,2021-04-03 00:00:00+00:00,28343.568820430748,178.75913534786434,1495.0911182498153,2298.738736332478,32316.157810360906
171,2021-04-04 00:00:00+00:00,105597.82677947878,582.5360827314005,5746.413103078835,2828.153434596388,114754.92939988541
172,2021-04-05 00:00:00+00:00,113792.67049057911,565.3385280953697,6074.180032698905,2766.3465393978354,123198.53559077122
173,2021-04-06 00:00:00+00:00,116424.06097739722,473.0965015957455,6123.343577020936,5877.672493728028,128898.17354974193
174,2021-04-07 00:00:00+00:00,118193.42124527069,462.68457647343286,6333.445401462825,4393.206626581764,129382.75784978872
175,2021-04-08 00:00:00+00:00,96632.46527411966,504.82718328602533,5074.586561372502,3369.250799180649,105581.12981795883
176,2021-04-09 00:00:00+00:00,112086.8334775626,576.5604121134347,5933.216890854192,3442.618897134181,122039.2296776644
177,2021-04-10 00:00:00+00:00,168342.72714335265,553.7025152177831,10040.424431349578,5206.896476738236,184143.75056665827
178,2021-04-11 00:00:00+00:00,137802.03069536856,292.2320856733553,8500.512019840084,5366.063509736494,151960.83831061848
179,2021-04-12 00:00:00+00:00,16496.563514014695,74.44894963201897,935.052177200228,2624.2347301978366,20130.29937104478
180,2021-04-13 00:00:00+00:00,192420.20413270162,503.84235298242425,13327.179165817828,6435.411699770062,212686.63735127193
181,2021-04-14 00:00:00+00:00,135541.0358750356,323.52100467933445,8977.339392934193,5379.621009497078,150221.5172821462
182,2021-04-15 00:00:00+00:00,124858.91897638398,414.6713291789064,7507.447812438054,3688.492021214404,136469.53013921532
183,2021-04-16 00:00:00+00:00,167834.61619870533,359.5955701478177,10345.641878137882,4554.014346731668,183093.86799372273
184,2021-04-17 00:00:00+00:00,139147.65168969808,371.8953569237715,9138.148524702,4934.824410076646,153592.51998140052
185,2021-04-18 00:00:00+00:00,131074.40281623745,385.7380509786845,8259.896427537118,3849.6674640958036,143569.70475884905
186,2021-04-19 00:00:00+00:00,115574.60023618086,589.5383678483194,7214.619227387761,1935.371498566864,125314.12932998381
187,2021-04-20 00:00:00+00:00,136199.82517407177,347.69632806269993,8646.464217049044,2948.5280613348177,148142.51378051835
188,2021-04-21 00:00:00+00:00,88052.74245185923,172.9543463391529,4988.130344588412,3397.239654185649,96611.06679697245
189,2021-04-22 00:00:00+00:00,183943.0521601561,322.11801404503194,11735.94822752452,4362.683358423416,200363.80176014907
190,2021-04-23 00:00:00+00:00,189539.4708511638,360.31678421781106,12387.593799311348,5041.564018451982,207328.94545314493
191,2021-04-24 00:00:00+00:00,104639.10593633268,210.1826091319971,6433.887537922431,3113.507210749365,114396.68329413647
192,2021-04-25 00:00:00+00:00,48540.26714884524,77.75236504710553,2655.622725028301,1316.0808771149098,52589.72311603555
193,2021-04-26 00:00:00+00:00,107485.02383824329,234.07054095368477,6987.228626725709,1992.891971665469,116699.21497758816
194,2021-04-27 00:00:00+00:00,101505.02767012897,171.5049816397398,6884.507929052614,2346.328512245688,110907.36909306701
195,2021-04-28 00:00:00+00:00,35225.33770084358,34.24943870989808,2309.154575272706,1498.218970218948,39066.96068504513
196,2021-04-29 00:00:00+00:00,32581.214345886205,47.35600946992179,1822.4770477257077,2107.2913378067233,36558.338740888554
197,2021-04-30 00:00:00+00:00,143968.17588071083,345.54857793065065,9379.488941551192,5264.8213815756235,158958.0347817683
198,2021-05-01 00:00:00+00:00,115689.38884352766,249.64337128151232,7622.052366471537,3945.0461950271524,127506.13077630787
199,2021-05-02 00:00:00+00:00,96849.79530968107,214.33004435927995,5859.889862909612,3120.5803883593508,106044.5956053093
200,2021-05-03 00:00:00+00:00,17671.70178387948,39.08139300436401,838.9852881984272,2761.913118697285,21311.681583779555
201,2021-05-04 00:00:00+00:00,83420.00850690792,104.33149386114574,4544.264153231601,2679.062206298187,90747.66636029886
202,2021-05-05 00:00:00+00:00,108950.85808599321,128.22816859015384,6146.07493738143,3168.576290422255,118393.73748238705
203,2021-05-06 00:00:00+00:00,22698.32953651797,47.06781378958976,1246.7031674921684,1780.7071937519045,25772.807711551628
204,2021-05-07 00:00:00+00:00,34926.027263398595,64.13657115309529,1994.2312369844299,1729.455484162752,38713.850555698875
205,2021-05-08 00:00:00+00:00,5071.519498319586,11.383255373413922,229.57550670341374,14814.452689987209,20126.930950383623
206,2021-05-09 00:00:00+00:00,28754.972178819193,55.934296685916884,1467.08939641026,1133.1105505801215,31411.106422495493
207,2021-05-10 00:00:00+00:00,46015.01829738192,89.45765269180144,2131.966023463903,1864.9530834074535,50101.395056945075
208,2021-05-11 00:00:00+00:00,23077.02192094427,36.58608259663777,1001.2799554246582,8780.016475820099,32894.90443478567
209,2021-05-12 00:00:00+00:00,50709.67659172018,104.08178344955162,2050.705405412137,1990.1435015199015,54854.60728210177
210,2021-05-13 00:00:00+00:00,51142.22611038557,107.67929123432393,2351.5797053988526,1635.2142157834498,55236.6993228022
211,2021-05-14 00:00:00+00:00,146739.74923634125,346.9368671557302,8616.099051782076,3545.4731534548528,159248.2583087339
212,2021-05-15 00:00:00+00:00,130159.04548090204,292.0710418760919,8274.103900583435,2814.914987656698,141540.13541101827
213,2021-05-16 00:00:00+00:00,65044.94486584538,129.36892544953537,3680.865183999235,1491.4418250246974,70346.62080031884
214,2021-05-17 00:00:00+00:00,90935.13637260413,191.31563966242553,5482.759839946188,2149.5538641172116,98758.76571632996
215,2021-05-18 00:00:00+00:00,38699.94513835842,80.34173629705565,2434.081606243574,1416.9845984604246,42631.35307935948
216,2021-05-19 00:00:00+00:00,59334.59455137767,121.91751589151464,3509.458513098406,1961.5645420323433,64927.53512239993
217,2021-05-20 00:00:00+00:00,113841.80828327205,248.75135085895232,6425.340453783598,2126.2199505731346,122642.12003848774
218,2021-05-21 00:00:00+00:00,99854.37306330405,248.39782316461572,5859.078371111943,2897.3458589430516,108859.19511652367
219,2021-05-22 00:00:00+00:00,80301.18983948453,193.593994927383,4871.269693687307,1986.8746438649518,87352.92817196419
220,2021-05-23 00:00:00+00:00,5159.857467557133,72.92312722824467,238.85398902192145,1043.7173046048952,6515.351888412195
221,2021-05-24 00:00:00+00:00,28832.053636948236,34.6784269978184,1465.7774027429562,1686.1900215284438,32018.699488217455
222,2021-05-25 00:00:00+00:00,57021.321473857315,108.6139637640517,3171.37135614414,2912.3590088399865,63213.665802605494
223,2021-05-26 00:00:00+00:00,19908.828238478967,17.55458758652605,935.2638839275371,2020.083260628017,22881.729970621047
224,2021-05-27 00:00:00+00:00,13939.430831306649,10.849509836006925,649.898380931534,1149.4453618574753,15749.624083931665
225,2021-05-28 00:00:00+00:00,29104.970238306516,37.46502112508315,1445.3962562825227,1781.818897244319,32369.650412958443
226,2021-05-29 00:00:00+00:00,22353.751718945477,95.70598203225364,1158.2018975580472,985.5657467639635,24593.225345299743
227,2021-05-30 00:00:00+00:00,3209.1049926687297,11.860066846923598,155.96630231050779,1381.0526072672653,4757.983969093426
228,2021-05-31 00:00:00+00:00,2448.182710279389,9.555936321827552,117.53426582176255,1510.2892125060223,4085.5621249290016
229,2021-06-01 00:00:00+00:00,0.007502849561996369,8.635076311526898,0.000329678228956657,1322.3003678027092,1330.943276642027
230,2021-06-02 00:00:00+00:00,3545.8865726646104,16.10654506980715,159.06342657460777,746.5497802988169,4467.606324607842
231,2021-06-03 00:00:00+00:00,15593.703091156509,1206.5550249010537,1474.1752334108985,3517.5102374625017,21791.94358693096
232,2021-06-04 00:00:00+00:00,563.1299431900187,93.7627534944173,25.31760624222067,2632.1318044130962,3314.342107339753
233,2021-06-05 00:00:00+00:00,15597.224564292612,68.57823589199262,699.956994272987,7425.521187253223,23791.280981710814
234,2021-06-06 00:00:00+00:00,17059.518885402627,50.44788239248283,755.9909753067254,1396.1775548132157,19262.135297915054
235,2021-06-07 00:00:00+00:00,12986.766798712244,83.30329024572231,615.1329429282795,864.3449349185038,14549.547966804748
236,2021-06-08 00:00:00+00:00,24338.04493973851,37.80436943477683,1143.369786169463,2235.1505710820843,27754.369666424835
237,2021-06-09 00:00:00+00:00,40134.954547507055,62.77404360138679,1954.4142073638732,1891.5169980134165,44043.65979648573
238,2021-06-10 00:00:00+00:00,69480.17356233718,140.27444793448004,3852.118851503494,2089.072036546864,75561.63889832201
239,2021-06-11 00:00:00+00:00,61947.32400391974,78.79478071561209,3886.3417582797138,1776.1450034653874,67688.60554638045
240,2021-06-12 00:00:00+00:00,48933.98737195282,84.89280363029859,2799.2696322916804,1461.1677818555281,53279.31758973032
241,2021-06-13 00:00:00+00:00,40222.99839539714,120.91565907031173,2387.348966504439,1375.2055707360983,44106.46859170799
242,2021-06-14 00:00:00+00:00,18354.910821037596,46.57549128527914,1024.0291663019188,1235.7284283055349,20661.24390693033
243,2021-06-15 00:00:00+00:00,18943.13982555888,63.14038653736256,1006.3284973143144,505.712384567008,20518.32109397756
244,2021-06-16 00:00:00+00:00,31746.933279436078,50.85737301286846,1716.5545193723922,984.4378022571897,34498.78297407853
245,2021-06-17 00:00:00+00:00,44229.620704650195,117.11103802327582,2413.9417385776355,995.1779019797151,47755.85138323082
246,2021-06-18 00:00:00+00:00,47530.01270041433,164.87763574434445,2778.239146063014,1881.4598471244478,52354.589329346134
247,2021-06-19 00:00:00+00:00,31817.295483493832,56.27641717960427,1759.0396560805063,1076.4214750027584,34709.033031756706
248,2021-06-20 00:00:00+00:00,6789.083051570416,16.74080988051348,334.8194548309031,1199.0233296993488,8339.66664598118
249,2021-06-21 00:00:00+00:00,25916.39185928157,61.29940205991645,1430.762033336717,657.3399113318679,28065.793206010072
250,2021-06-22 00:00:00+00:00,52383.95973758299,112.05126400711563,2768.4716962843863,1141.6329849280735,56406.11568280257
251,2021-06-23 00:00:00+00:00,48117.303579419946,108.25157128884956,2601.020748613559,1492.4802111203323,52319.05611044269
252,2021-06-24 00:00:00+00:00,31437.47947240269,53.087347172166155,1627.175900148742,1023.5713561789856,34141.31407590259
253,2021-06-25 00:00:00+00:00,9875.334667174542,15.424241691779105,482.11302116386156,575.0525384372429,10947.924468467425
254,2021-06-26 00:00:00+00:00,1183.1727978290082,18.734957017493947,56.70922243058483,421.1500145986666,1679.7669918757535
255,2021-06-27 00:00:00+00:00,5656.9682165922895,20.63726688263795,270.0371601828227,484.8739365313949,6432.516580189145
256,2021-06-28 00:00:00+00:00,1854.5331118524743,13.837262157369683,93.64261572491729,623.3052540096768,2585.318243744438
257,2021-06-29 00:00:00+00:00,47.31304901062658,15.585575465691143,2.4714434708353705,466.09706670988294,531.467134657036
258,2021-06-30 00:00:00+00:00,0.003452814172483008,9.8599879517407,0.000170962116216051,339.3390204374701,349.2026321654995
259,2021-07-01 00:00:00+00:00,0.003117235182827579,5.791503383763703,0.000170549589716408,898.5108181523542,904.3056093208904
260,2021-07-02 00:00:00+00:00,0.7500617472051614,10.30099839298585,0.0592014880141472,645.6664490713803,656.7767106995855
261,2021-07-03 00:00:00+00:00,2447.4019703555487,12.15756074720814,177.6173454977928,448.5387781653918,3085.7156547659415
262,2021-07-04 00:00:00+00:00,4787.673781518267,16.118334337859885,350.0341773554808,695.9627760544882,5849.789069266096
263,2021-07-05 00:00:00+00:00,4959.633968365833,12.360370307022508,343.4942360660985,571.9815161642205,5887.470090903174
264,2021-07-06 00:00:00+00:00,5794.982165541019,18.885846979860325,319.2484689287746,348.32915813652994,6481.445639586184
265,2021-07-07 00:00:00+00:00,8131.426991005638,23.66248758840677,390.2906715156351,521.1574874392683,9066.537637548949
266,2021-07-08 00:00:00+00:00,6905.161115366842,20.025709529201592,304.64008682218207,249.32284738751468,7479.14975910574
267,2021-07-09 00:00:00+00:00,6540.999002569227,23.82870304019957,269.6751434981828,516.4542847946244,7350.957133902233
268,2021-07-10 00:00:00+00:00,7766.01229139891,19.647779948485017,319.0502127465567,592.3894059634392,8697.09969005739
269,2021-07-11 00:00:00+00:00,6528.793512903995,16.368394539785143,274.3207477267341,458.6842068758997,7278.166862046414
270,2021-07-12 00:00:00+00:00,6626.417776950856,13.459161425850724,278.0307890990043,884.9819254857804,7802.889652961491
271,2021-07-13 00:00:00+00:00,7534.050564476545,11.37006319520611,342.28279115938597,448.2942870967094,8335.997705927846
272,2021-07-14 00:00:00+00:00,8591.67579558006,17.137286538939353,364.7683706120844,354.82869961178034,9328.410152342864
273,2021-07-15 00:00:00+00:00,9341.421141015944,22.209595743754637,440.2276631599458,735.7151463129863,10539.57354623263
274,2021-07-16 00:00:00+00:00,7915.358788116193,15.62222328121473,353.42820606053124,10907.770386949202,19192.17960440714
275,2021-07-17 00:00:00+00:00,7016.669860735807,13.827091169677859,315.2737478061191,5861.171178539319,13206.941878250924
276,2021-07-18 00:00:00+00:00,6748.309241069314,13.641101224868594,311.9114241456781,416.7857948269462,7490.647561266807
277,2021-07-19 00:00:00+00:00,6568.87885286008,12.133178345351789,306.41607809942946,541.5562441922848,7428.984353497146
278,2021-07-20 00:00:00+00:00,7189.077424980759,8.723002401260446,333.88739654674,372.6847984869105,7904.372622415671
279,2021-07-21 00:00:00+00:00,6817.456532682841,8.645938902585772,325.0331910930777,1020.9902877470356,8172.1259504255395
280,2021-07-22 00:00:00+00:00,6635.441618189691,11.696167168071854,315.51581031184463,727.0711751638148,7689.724770833423
281,2021-07-23 00:00:00+00:00,7919.36926423542,19.39391380067179,358.11279438024405,728.7513959671271,9025.627368383462
282,2021-07-24 00:00:00+00:00,8618.659897734895,17.654448027965035,380.70814493127705,437.9801641827394,9455.002654876876
283,2021-07-25 00:00:00+00:00,7398.163697049574,17.7281892898177,332.25689976148027,430.8313559686807,8178.980142069552
284,2021-07-26 00:00:00+00:00,7125.131354172419,11.937423605328052,314.8132070396863,490.5617027747389,7942.443687592172
285,2021-07-27 00:00:00+00:00,8022.100443389963,55.099901501557305,338.7068701978933,578.7551223226976,8994.662337412112
286,2021-07-28 00:00:00+00:00,8737.617917208105,15.297751454201148,374.79627390988594,813.7674618264662,9941.479404398659
287,2021-07-29 00:00:00+00:00,10355.294129810678,14.179169763799921,442.55527686475335,3766.0300850423264,14578.058661481558
288,2021-07-30 00:00:00+00:00,9254.541578483537,101.30923667548832,407.91376734103966,3813.990732105302,13577.755314605367
289,2021-07-31 00:00:00+00:00,9668.614903132198,14.76226815246571,429.94667522613645,2990.995402965347,13104.319249476148
290,2021-08-01 00:00:00+00:00,8012.502523865186,12.870100192151359,378.03947348715974,2881.2717174011786,11284.683814945674
291,2021-08-02 00:00:00+00:00,7640.506033662326,12.273074366781623,377.99185766504854,2841.717053273792,10872.48801896795
292,2021-08-03 00:00:00+00:00,7492.051310662531,13.03455817122513,375.3453723683717,3014.6655508318054,10895.096792033934
293,2021-08-04 00:00:00+00:00,7991.979450366585,13.71176374819115,373.17928210966556,1554.7147550956029,9933.585251320046
294,2021-08-05 00:00:00+00:00,7746.991018231724,11.903118215364254,376.61345690587206,706.6514762470314,8842.159069599991
295,2021-08-06 00:00:00+00:00,7993.393764168782,13.010871913643404,388.67826568641306,774.6950489891535,9169.77795075799
296,2021-08-07 00:00:00+00:00,8122.260997153141,21.397547801172575,399.04212996069424,612.0290256565747,9154.729700571583
297,2021-08-08 00:00:00+00:00,7819.634679448275,18.24887430109087,383.8213032610297,662.532106363276,8884.236963373673
298,2021-08-09 00:00:00+00:00,7911.620457615788,15.94294646818203,388.5164517495601,523.5276655652087,8839.607521398739
299,2021-08-10 00:00:00+00:00,8435.237330087732,11.245185421888634,394.0873393466897,842.0279571112735,9682.597811967584
300,2021-08-11 00:00:00+00:00,8308.03103722939,9.967106579845353,401.912482169778,1742.7190193742724,10462.629645353285
301,2021-08-12 00:00:00+00:00,8482.447156465787,15.812011946326212,394.9744979010721,653.4630801256667,9546.69674643885
302,2021-08-13 00:00:00+00:00,8094.1275666778765,199.06164176151825,379.2601501908424,879.9634741710692,9552.412832801307
303,2021-08-14 00:00:00+00:00,7691.983219443051,31.07412160283188,373.94131003964696,548.100660985469,8645.099312070999
304,2021-08-15 00:00:00+00:00,7642.003449090907,24.606939332260936,363.6781610930037,4905.563181672566,12935.851731188739
305,2021-08-16 00:00:00+00:00,8694.692493402934,21.62722285250062,416.86997987730035,450.0776324883897,9583.267328621125
306,2021-08-17 00:00:00+00:00,9726.388976550712,15.28278555144189,463.43612412623924,2390.26293816749,12595.370824395884
307,2021-08-18 00:00:00+00:00,8908.956934351423,20.742692443420747,423.74616108758175,500.98365779143705,9854.429445673863
308,2021-08-19 00:00:00+00:00,8917.44191349481,12.547630500070985,406.1128426440923,376.074421739484,9712.176808378455
309,2021-08-20 00:00:00+00:00,9617.201293530743,21.62010112825329,432.35301806819916,466.48760721221316,10537.66201993941
310,2021-08-21 00:00:00+00:00,8797.84842564084,16.47302026115552,402.2996180104955,466.4794603371657,9683.100524249656
311,2021-08-22 00:00:00+00:00,8519.340810486241,19.368537039758497,387.311729053528,543.0715762992243,9469.092652878751
312,2021-08-23 00:00:00+00:00,8228.344583387105,37.398053113479484,374.9003322170865,645.7093595756825,9286.352328293355
313,2021-08-24 00:00:00+00:00,8277.354009272927,22.054807018880005,382.0613449886417,435.28362197686675,9116.753783257316
314,2021-08-25 00:00:00+00:00,10029.660938545689,28.926264330703592,434.73159496942935,440.51983180249056,10933.838629648311
315,2021-08-26 00:00:00+00:00,11071.194396891015,16.065500779001628,486.97874552392045,676.2996819536547,12250.53832514759
316,2021-08-27 00:00:00+00:00,11434.5907252865,18.832957283470826,459.7547992191262,619.3750884370944,12532.553570226191
317,2021-08-28 00:00:00+00:00,11533.309159444376,31.84488134654473,483.21542536079113,511.08419671234856,12559.45366286406
318,2021-08-29 00:00:00+00:00,12011.097135439193,23.134433190745845,502.5194304245523,417.99130101288404,12954.742300067375
319,2021-08-30 00:00:00+00:00,12326.585235160528,12.819515622554698,548.7035212765363,659.7354245499429,13547.843696609561
320,2021-08-31 00:00:00+00:00,26628.026395094064,53.935143290220836,1375.3736015643972,992.8144772359049,29050.14961718459
321,2021-09-01 00:00:00+00:00,20802.948619556384,29.827568889323516,991.503458004837,639.0025080663934,22463.28215451694
322,2021-09-02 00:00:00+00:00,21303.11682079505,126.72147382952382,1095.01117828674,1019.1648165547873,23544.0142894661
323,2021-09-03 00:00:00+00:00,17043.806815406093,27.05041566325039,790.6197861492975,727.0026183032028,18588.479635521842
324,2021-09-04 00:00:00+00:00,12695.431854491779,14.07889595779288,603.5816755929685,879.9416330631898,14193.03405910573
325,2021-09-05 00:00:00+00:00,12352.150697242698,9.638137021279073,587.4628031356182,897.799983359897,13847.051620759492
326,2021-09-06 00:00:00+00:00,9814.451958193687,9.961792727606259,476.43851925648454,866.4225743267962,11167.274844504575
327,2021-09-07 00:00:00+00:00,10136.45740907765,14.73604239931037,483.75369035233945,913.7449671452792,11548.69210897458
328,2021-09-08 00:00:00+00:00,17986.3240584292,16.93927312982811,865.8143072721343,902.9907081642301,19772.068346995395
329,2021-09-09 00:00:00+00:00,22190.03392655583,51.5323406199962,1123.8505714009616,1297.5064749192793,24662.923313496067
330,2021-09-10 00:00:00+00:00,11767.36553486138,15.303007322137303,522.2791940664983,544.2462550401731,12849.193991290187
331,2021-09-11 00:00:00+00:00,14148.904102888846,11.104145332953584,637.5624823657167,435.34240940900366,15232.91313999652
332,2021-09-12 00:00:00+00:00,9446.826717032947,10.082686577420928,426.8741393176125,675.8838405466075,10559.667383474589
333,2021-09-13 00:00:00+00:00,9175.233131181065,56.24262592975717,431.5440888132051,510.7674221858585,10173.787268109885
334,2021-09-14 00:00:00+00:00,10321.638323809171,8.88726545737196,477.742279446817,410.41871874876074,11218.68658746212
335,2021-09-15 00:00:00+00:00,9372.203207072222,12.628942610175555,433.22278669490004,703.1217138097543,10521.176650187052
336,2021-09-16 00:00:00+00:00,9199.872335250115,11.509343104446286,440.2554496289363,427.3975043343592,10079.034632317856
337,2021-09-17 00:00:00+00:00,9886.732365594413,10.844315489456683,467.2099407658823,529.8009528773007,10894.587574727053
338,2021-09-18 00:00:00+00:00,9182.936745865603,9.838191290807856,445.5539822965283,447.2125585046328,10085.541477957571
339,2021-09-19 00:00:00+00:00,8784.063914841578,8.649695627985972,388.75729709787106,437.73801713870375,9619.208924706138
340,2021-09-20 00:00:00+00:00,8223.888513891863,10.831320232953011,378.08621735936396,595.134670989556,9207.940722473735
341,2021-09-21 00:00:00+00:00,7720.658101679365,9.699558529752874,369.7725142405723,872.8375520953964,8972.967726545086
342,2021-09-22 00:00:00+00:00,8138.434653968541,8.060029945861267,383.8204782205869,568.3234646783034,9098.638626813294
343,2021-09-23 00:00:00+00:00,7957.03954048656,11.71953189401441,366.6422243368215,436.09537355484036,8771.496670272238
344,2021-09-24 00:00:00+00:00,8273.898971486315,8.043771921724025,362.60066798413857,302.4179117503716,8946.96132314255
345,2021-09-25 00:00:00+00:00,7895.289786757594,8.976488298882213,361.3856253378802,385.8937678338165,8651.545668228173
346,2021-09-26 00:00:00+00:00,7922.56078568027,8.892585136138528,374.9267887062922,312.44513432389255,8618.825293846592
347,2021-09-27 00:00:00+00:00,7735.127958853201,9.961747013547088,375.3426167811824,652.9027948975228,8773.335117545454
348,2021-09-28 00:00:00+00:00,7324.397029430866,8.863481493881876,370.600629473425,568.2235299360445,8272.084670334218
349,2021-09-29 00:00:00+00:00,7247.365651277518,9.190532016020601,392.3754788617906,663.2857514691348,8312.217413624463
350,2021-09-30 00:00:00+00:00,7567.175770223925,15.301566333752515,391.466180793427,553.0066667480519,8526.950184099156
351,2021-10-01 00:00:00+00:00,7478.063368873337,17.21845655589792,397.55006966292797,390.1467987307882,8282.978693822952
352,2021-10-02 00:00:00+00:00,8025.901636067417,11.028269669821109,431.7330352911636,463.4776196720922,8932.140560700494
353,2021-10-03 00:00:00+00:00,7809.862723162744,15.822540966019805,432.5234650044207,457.1646779307845,8715.37340706397
354,2021-10-04 00:00:00+00:00,7640.904276199677,20.747134460655733,407.19675857844044,588.2606010037424,8657.108770242516
355,2021-10-05 00:00:00+00:00,7609.604709336778,6.828348424309426,416.20700138689637,589.9561993685596,8622.596258516543
356,2021-10-06 00:00:00+00:00,7562.748825593954,16.070520640344416,424.4630656259226,448.5653590558746,8451.847770916096
357,2021-10-07 00:00:00+00:00,6994.786340530999,12.698368360515115,402.9384836242052,350.00833274711044,7760.431525262829
358,2021-10-08 00:00:00+00:00,6877.910748854688,8.875928908400448,411.43178788960444,530.2899822955508,7828.508447948243
359,2021-10-09 00:00:00+00:00,7116.079886307313,53.78425829580592,420.8016342830736,581.508059982952,8172.173838869144
360,2021-10-10 00:00:00+00:00,7078.0541282769445,13.890909216662996,419.87247703693646,429.84517080183736,7941.662685332381
361,2021-10-11 00:00:00+00:00,6730.214520103696,11.915786869920954,415.60230308157105,757.010756742721,7914.743366797909
362,2021-10-12 00:00:00+00:00,6746.911548663671,18.486932509528522,405.9376091433029,558.8897403678901,7730.225830684393
363,2021-10-13 00:00:00+00:00,6622.453376138804,7.186977110656799,399.00853139047,667.1304727912758,7695.779357431206
364,2021-10-14 00:00:00+00:00,6372.669216996951,7.054328421300238,374.81362321427207,784.1462357645372,7538.68340439706
365,2021-10-15 00:00:00+00:00,5447.294134509576,7.007130990579037,330.5717399139066,708.6831003444361,6493.556105758497
366,2021-10-16 00:00:00+00:00,5418.845440595739,6.95376152520459,336.40672088286163,619.1932637460623,6381.399186749868
367,2021-10-17 00:00:00+00:00,5083.18764633085,6.747502176370186,319.0402480624767,430.8631053926479,5839.838501962346
368,2021-10-18 00:00:00+00:00,3547.951768068693,6.749901591814531,226.78520089092,446.4090964470792,4227.895966998507
369,2021-10-19 00:00:00+00:00,3589.194313305781,6.591469534143427,227.52059198345057,1008.8326855903442,4832.13906041372
370,2021-10-20 00:00:00+00:00,4329.681837841568,6.456033227211352,271.63173582114075,834.4778369130526,5442.247443802973
371,2021-10-21 00:00:00+00:00,4527.671888288231,6.505248661482864,321.3950802725755,579.3648279023744,5434.937045124664
372,2021-10-22 00:00:00+00:00,3269.850286743487,6.73484368646233,214.6281647565532,8139.987679145176,11631.200974331678
373,2021-10-23 00:00:00+00:00,2960.327013000466,7.759193495596438,209.06293556509266,649.1482375410881,3826.2973796022434
374,2021-10-24 00:00:00+00:00,2190.5164395245683,6.900869042349066,159.52485546039088,2818.319478105239,5175.261642132547
375,2021-10-25 00:00:00+00:00,1973.4100660174927,7.755624906178154,148.54787873827163,1782.435482851278,3912.1490525132203
376,2021-10-26 00:00:00+00:00,3104.0016200739856,7.255393998017039,205.75490291260442,722.8333724780341,4039.845289462641
377,2021-10-27 00:00:00+00:00,9696.454191723738,7.573074625356425,555.3600448950494,1021.7183744725288,11281.105685716671
378,2021-10-28 00:00:00+00:00,10738.58274100291,6.9415002653691165,602.7094431969695,1237.0908306806834,12585.324515145932
379,2021-10-29 00:00:00+00:00,11458.019691200987,7.627573840894992,679.5510264170231,722.4966075026832,12867.694898961588
380,2021-10-30 00:00:00+00:00,11665.226246934984,6.988219547570984,661.799999901492,519.8676670974387,12853.882133481486
381,2021-10-31 00:00:00+00:00,10429.044855676406,6.765286091147865,600.0009869289452,618.8676059645595,11654.678734661058
382,2021-11-01 00:00:00+00:00,9113.773783382336,15.238954631882502,519.3744934711533,619.7504699442688,10268.137701429641
383,2021-11-02 00:00:00+00:00,11335.896264477755,6.686117485198768,664.5824539949565,394.7847849497393,12401.94962090765
384,2021-11-03 00:00:00+00:00,11385.819073669982,6.7781324184414995,588.4104697073616,733.8997014527109,12714.907377248495
385,2021-11-04 00:00:00+00:00,11839.11573949866,7.075516838010931,622.5541310915307,400.1108659163806,12868.856253344582
386,2021-11-05 00:00:00+00:00,9209.335019885088,8.17889757085435,486.8046359724306,692.1392063230819,10396.457759751454
387,2021-11-06 00:00:00+00:00,9942.473588860117,6.761635208157283,511.977903759051,436.5888510308595,10897.801978858184
388,2021-11-07 00:00:00+00:00,6286.548947994892,8.78781148660447,336.3389769277167,934.0235935475499,7565.699329956763
389,2021-11-08 00:00:00+00:00,4707.5631022138405,6.851559088238282,252.06255751018932,473.49192544377223,5439.96914425604
390,2021-11-09 00:00:00+00:00,7917.802794942017,6.843844942202083,442.93946103834486,546.2279438436242,8913.814044766186
391,2021-11-10 00:00:00+00:00,10518.301693662053,6.808448505927549,572.1247907128185,2069.1007509587457,13166.335683839545
392,2021-11-11 00:00:00+00:00,9081.502928920474,6.740904184872867,498.93660597226784,412.189016498057,9999.369455575672
393,2021-11-12 00:00:00+00:00,9659.922436239975,6.6043862595539595,518.0552440297629,530.2618787390628,10714.843945268354
394,2021-11-13 00:00:00+00:00,9289.773058316508,9.033230009038807,519.8319906533475,471.01798465778717,10289.656263636682
395,2021-11-14 00:00:00+00:00,5102.153337029881,6.70720269665281,280.29101008246994,963.7805474258797,6352.932097234883
396,2021-11-15 00:00:00+00:00,1544.3506247138253,6.534021096692876,84.12026524824434,381.437537795551,2016.4424488543134
397,2021-11-16 00:00:00+00:00,1461.1883731760793,6.737155412578113,79.7376351765379,428.6884695183786,1976.3516332835738
398,2021-11-17 00:00:00+00:00,2887.1670881975615,6.661377427236727,163.5597761245745,1291.739188716769,4349.127430466142
399,2021-11-18 00:00:00+00:00,4494.480377587516,6.609252420771796,252.8332744637549,630.2849224637816,5384.207826935824
400,2021-11-19 00:00:00+00:00,4427.564618662014,6.595618364060433,255.76220234119478,397.22398762820524,5087.146426995475
401,2021-11-20 00:00:00+00:00,3257.8654145735777,6.701808436013929,195.8935084774386,321.50926673146375,3781.969998218494
402,2021-11-21 00:00:00+00:00,5126.596463508301,6.487546934936054,305.5816324936503,378.27556413063,5816.941207067518
403,2021-11-22 00:00:00+00:00,5032.685331245708,6.432194099539321,300.45887217868716,448.3248074410902,5787.901204965025
404,2021-11-23 00:00:00+00:00,5852.934631835684,6.28737645289528,343.219481048578,1298.7218062622417,7501.163295599398
405,2021-11-24 00:00:00+00:00,1314.076336190968,6.309985668560134,78.56543891204443,2362.8467647399057,3761.798525511478
406,2021-11-25 00:00:00+00:00,8.120749661530892,6.278784082565225,0.4774354325924029,4113.347108157083,4128.224077333772
407,2021-11-26 00:00:00+00:00,3258.862924628318,6.7288964570161385,198.04423457346317,4067.5449978655365,7531.181053524334
408,2021-11-27 00:00:00+00:00,8038.728608360982,6.266353913939118,488.9626663211213,4281.413857462839,12815.37148605888
409,2021-11-28 00:00:00+00:00,1939.7165707067284,6.166065084483106,117.39666766409118,4054.9907053527468,6118.270008808049
410,2021-11-29 00:00:00+00:00,0.05281053467843764,6.257239751962834,0.003462077818502658,3798.4976658257633,3804.811178190223
411,2021-11-30 00:00:00+00:00,0.005760280577081867,6.190156981886108,0.00036386492630357,3998.8564652488794,4005.0527463762687
412,2021-12-01 00:00:00+00:00,0.006294841123702064,15.081911498515568,0.000394713050837876,3984.7404438210838,3999.829044873774
413,2021-12-02 00:00:00+00:00,0.006392100185150114,6.010197215066954,0.000404612168015456,3845.1335087310385,3851.1505026584587
414,2021-12-03 00:00:00+00:00,0.006064099493239732,6.166982743410376,0.000382456073090376,4077.723198919363,4083.8966282183396
415,2021-12-04 00:00:00+00:00,0.005901141633371938,6.005701888142412,0.000367802804256385,3813.7796758850386,3819.7916467176187
416,2021-12-05 00:00:00+00:00,0.005040375182917195,7.168865883634813,0.00031732451114645,4043.362293896182,4050.536517479511
417,2021-12-06 00:00:00+00:00,0.008727505195505442,6.055201593184675,0.000555110426724196,4035.3412775170955,4041.4057617259023
418,2021-12-07 00:00:00+00:00,0.009630201296616365,6.536543491195871,0.000608064669438489,4308.590192280756,4315.136974037918
419,2021-12-08 00:00:00+00:00,0.9648995247955493,6.513690840915984,0.06014793735706606,3953.6393004668294,3961.1780387698977
420,2021-12-09 00:00:00+00:00,0.2670325974632932,6.276070632884909,0.016562396515538605,4104.438555018275,4110.998220645139
421,2021-12-10 00:00:00+00:00,0.016140158971566152,6.016570978467919,0.000977594162767859,3957.803186894217,3963.836875625819
422,2021-12-11 00:00:00+00:00,0.005466183745204172,5.66202194314456,0.000336134635265558,4035.432336441283,4041.100160702808
423,2021-12-12 00:00:00+00:00,0.005264773001646731,5.749066809006763,0.000330500096075097,62373.50640740779,62379.26106948989
424,2021-12-13 00:00:00+00:00,0.00469958660914743,5.672278342206017,0.000309410858304771,4273.734013503851,4279.411300843524
425,2021-12-14 00:00:00+00:00,0.004997926472479992,5.890368069018123,0.000318178115623737,1890.1708244713336,1896.0665086449399
426,2021-12-15 00:00:00+00:00,0.010060466405156277,6.095948016706146,0.000627642670646584,3671.0066453609197,3677.1132814867015
427,2021-12-16 00:00:00+00:00,0.006153278189904987,6.068945586222643,0.000361469496737052,1563.8598794565025,1569.9353397904117
428,2021-12-17 00:00:00+00:00,1.7183387798385112,6.2308417005256285,0.10542586999663178,5011.357023087077,5019.411629437438
429,2021-12-18 00:00:00+00:00,6.172987212717841,6.238621085492838,0.36720506729778835,9798.546904561765,9811.325717927273
430,2021-12-19 00:00:00+00:00,0.02125397489124198,6.131105087266664,0.001264533044283983,3469.042202787332,3475.195826382534
431,2021-12-20 00:00:00+00:00,0.994173144393594,6.674063292486777,0.0620560026897061,3519.4551187576562,3527.185411197226
432,2021-12-21 00:00:00+00:00,215.30969004513386,10.86103214176966,12.962278550133126,4569.989902238456,4809.122902975493
433,2021-12-22 00:00:00+00:00,4754.506565421749,6.5716120070729165,274.2739326305019,4185.184410032069,9220.536520091391
434,2021-12-23 00:00:00+00:00,4911.627901949937,6.6212875383573575,270.8531572546215,3163.4335494250045,8352.53589616792
435,2021-12-24 00:00:00+00:00,5496.540683181194,6.347324938954079,312.9314115138007,3269.2023144078858,9085.021734041835
436,2021-12-25 00:00:00+00:00,2193.238142607248,6.542056942658653,123.57043835276117,2639.094195640896,4962.4448335435645
437,2021-12-26 00:00:00+00:00,181.556364170739,6.402391889554344,10.221610442218244,1581.7328682586015,1779.913234761113
438,2021-12-27 00:00:00+00:00,1338.3175277645646,6.487347315323679,76.36269856879589,2469.5614880613743,3890.7290617100584
439,2021-12-28 00:00:00+00:00,221.4941592790939,6.146151892439353,12.045175799762859,1511.3509983542538,1751.0364853255498
440,2021-12-29 00:00:00+00:00,3.2054437993045983,6.372618000778678,0.16495269075332894,2221.4553420911325,2231.198356581969
441,2021-12-30 00:00:00+00:00,0.007227107573027794,6.308612616129921,0.000398891284427414,772.4535474473741,778.7697860623615
442,2021-12-31 00:00:00+00:00,0.005772998268489896,5.75242724219019,0.000307472107813175,1671.1669760470281,1676.9254837595947
443,2022-01-01 00:00:00+00:00,0.004658137796031734,5.828456025110213,0.000250612875779399,2392.0221740679167,2397.855538843699
444,2022-01-02 00:00:00+00:00,0.004760338173252309,5.684452797362063,0.000256059536051118,1630.2770732713088,1635.9665424663801
445,2022-01-03 00:00:00+00:00,0.005105560628067672,6.059371275328119,0.000278889640417651,1508.109426079133,1514.1741818047296
446,2022-01-04 00:00:00+00:00,0.004565071902898675,7.86598085435503,0.000224707383344146,1004.459951763206,1012.3307223968474
447,2022-01-05 00:00:00+00:00,0.005646410121691519,6.052283109761741,0.000280808157897667,732.8994072187655,738.9576175468069
448,2022-01-06 00:00:00+00:00,0.006280629376028642,6.261366892738497,0.000323824824398544,809.9262031351163,816.1941744820552
449,2022-01-07 00:00:00+00:00,0.006512247521728899,8.751611643130746,0.000339762000196357,697.8664597173799,706.6249233700327
450,2022-01-08 00:00:00+00:00,0.007863740245012699,6.250801329375754,0.000410757436910796,583.4827801153349,589.7418559423926
451,2022-01-09 00:00:00+00:00,0.03249596387166341,6.334409993012779,0.001849873858454478,670.074747280678,676.4435031114209
452,2022-01-10 00:00:00+00:00,463.45772612071147,6.949667263752406,27.827825184365917,933.2461360051157,1431.4813545739455
453,2022-01-11 00:00:00+00:00,3663.0186293988536,7.312361650707065,217.50267647828278,2058.7201933083484,5946.553860836191
454,2022-01-12 00:00:00+00:00,2387.807362013123,6.665227237384791,132.85706565671634,1829.2915147458077,4356.621169653032
455,2022-01-13 00:00:00+00:00,1959.689001466995,6.423540326101186,112.22564743906226,1389.7422702885667,3468.0804595207255
456,2022-01-14 00:00:00+00:00,3353.5804056903853,6.496259306918466,198.10582881858832,782.9819646239647,4341.164458439856
457,2022-01-15 00:00:00+00:00,4945.76812135426,6.3960235123082105,291.881643928971,867.0498135509625,6111.095602346502
458,2022-01-16 00:00:00+00:00,3132.9204037668082,6.5258163331620365,185.40129862102629,1047.6528727574093,4372.500391478406
459,2022-01-17 00:00:00+00:00,0.007016006374018155,5.382611050632633,0.000382416283375082,581.6169417634505,587.0069512367405
460,2022-01-18 00:00:00+00:00,0.004794974846074842,5.892729571114575,0.000273453456917953,542.136233572803,548.0340315722206
461,2022-01-19 00:00:00+00:00,0.005263211383824137,6.213466314480277,0.000314094457989955,332.0803343896207,338.2993780099428
462,2022-01-20 00:00:00+00:00,0.004717116133402108,6.012190417671973,0.000265935620702906,730.2176112529695,736.2347847223956
463,2022-01-21 00:00:00+00:00,0.005900459607396299,6.343870412087727,0.000335831260173876,569.5082882724811,575.8583949754363
464,2022-01-22 00:00:00+00:00,0.005430934636434947,6.076213460497032,0.000313822337907708,383.3474413801845,389.42939959765584
465,2022-01-23 00:00:00+00:00,0.007513102637648829,6.554459050516274,0.000437028476128624,2459.0645843811685,2465.6269935627984
466,2022-01-24 00:00:00+00:00,0.01830248575015486,6.079274401533367,0.001052861200893839,519.6150974980857,525.7137272465701
467,2022-01-25 00:00:00+00:00,41.41053293467308,7.27989480428124,2.34829020366706,679.1711083320982,730.2098262747196
468,2022-01-26 00:00:00+00:00,2564.674057719299,6.5674806356860564,144.07651941302166,1126.2461228559052,3841.564180623912
469,2022-01-27 00:00:00+00:00,2401.428385870799,6.808682243575967,126.75827059647564,626.8616258848353,3161.856964595686
470,2022-01-28 00:00:00+00:00,2557.7574056224626,6.725801660867553,137.8494809606135,376.4483679676366,3078.78105621158
471,2022-01-29 00:00:00+00:00,3709.8927620005334,6.547894805720568,203.2472996327337,778.3234670333561,4698.011423472344
472,2022-01-30 00:00:00+00:00,4518.493288505352,6.473097107503595,259.82577624646797,2396.399609164436,7181.191771023759
473,2022-01-31 00:00:00+00:00,2755.8316491026103,6.308389566414108,160.3501122580341,366.28321901082177,3288.7733699378805
474,2022-02-01 00:00:00+00:00,1216.9373754745095,6.355102496936287,70.9174216833478,379.5992946551722,1673.8091943099657
475,2022-02-02 00:00:00+00:00,0.06439159054733698,5.716419913094286,0.003634789694692397,969.1611884416301,974.9456347349663
476,2022-02-03 00:00:00+00:00,0.004542633394232277,5.704973480199921,0.000249035132604497,361.9512780820715,367.66104323079827
477,2022-02-04 00:00:00+00:00,0.00428831911514509,5.3014699967385805,0.00022624955298371,298.54654447915016,303.8525290445569
478,2022-02-05 00:00:00+00:00,0.004276020138884546,5.560953472154942,0.000234854785190763,226.14974333772463,231.71520768480366
479,2022-02-06 00:00:00+00:00,0.004116828963842561,5.170953316645023,0.00021553176809286,372.2973180801312,377.4726037575082
480,2022-02-07 00:00:00+00:00,0.004166999504627266,5.216731351059291,0.000222144202419124,264.3305194732781,269.55163996804447
481,2022-02-08 00:00:00+00:00,0.004302307312086259,5.338515765177182,0.000241307293178787,325.41421229421445,330.7572716739969
482,2022-02-09 00:00:00+00:00,0.004322082800800533,5.8911670155371,0.000246614804088397,244.2157059233056,250.11144163644758
483,2022-02-10 00:00:00+00:00,0.0043520182377381,5.321920615031044,0.000237952820578625,279.7510562906778,285.07756687676715
484,2022-02-11 00:00:00+00:00,0.004701782325601591,5.565985764075565,0.000256407542630614,313.3436227823326,318.9145667362764
485,2022-02-12 00:00:00+00:00,0.004750598673812663,5.933122590604587,0.000250503313530698,222.48189922810232,228.42002292069424
486,2022-02-13 00:00:00+00:00,0.004930689171686464,5.690398465070965,0.000281629373284833,504.3526835635494,510.0482943471654
487,2022-02-14 00:00:00+00:00,0.004339181525752362,5.261077902567667,0.000254157374927335,309.4199993315316,314.6856705729999
488,2022-02-15 00:00:00+00:00,0.004661790218408535,5.2927980726205295,0.000289751332339941,444.2727019935222,449.5704516076935
489,2022-02-16 00:00:00+00:00,0.005848288389263234,5.3245915706828555,0.000375774891635328,701.0583761351672,706.389191769131
490,2022-02-17 00:00:00+00:00,0.047316011897248905,12.961891379836182,0.002977055725303466,272.7377298105572,285.7499142580159
491,2022-02-18 00:00:00+00:00,0.005755902376748493,5.931814624670281,0.000362151370339836,228.24465507296077,234.18258775137815
492,2022-02-19 00:00:00+00:00,0.004925716281981791,5.525190594925979,0.000296918450525544,910.2202343923008,915.7506476219593
493,2022-02-20 00:00:00+00:00,0.005692055247335744,5.744264553108551,0.000347135037701943,433.03662257290483,438.78692631629843
494,2022-02-21 00:00:00+00:00,0.004714625042771609,5.642367336521375,0.000290593657844217,533.4205316562083,539.0679042114302
495,2022-02-22 00:00:00+00:00,0.00581486109900378,5.708311650443658,0.00036080936951566,752.3403681814451,758.0548555023573
496,2022-02-23 00:00:00+00:00,0.005136357985246925,5.781329661138982,0.000319327578445461,398.11605907198356,403.90284441868624
497,2022-02-24 00:00:00+00:00,0.005351430459737939,5.697335913169737,0.000336300370216716,966.3484909224024,972.0515145664021
498,2022-02-25 00:00:00+00:00,0.004934471317122837,7.853628725002099,0.000307168027490545,552.2001394626398,560.0590098269864
499,2022-02-26 00:00:00+00:00,0.00482940237247393,5.53163681188884,0.000299697402811067,1527.0398794412022,1532.5766453528663
500,2022-02-27 00:00:00+00:00,0.004328391039797621,6.049640543899954,0.000276611344286815,713.7650351182504,719.8192806645344
501,2022-02-28 00:00:00+00:00,0.003558941711137772,4.549327381725373,0.000224288197032509,1153.733025001597,1158.2861356132307
502,2022-03-01 00:00:00+00:00,0.003242249818117459,5.9980122217938705,0.000205698924925296,1148.1889153805487,1154.1903755510855
503,2022-03-02 00:00:00+00:00,0.004543350837288052,5.383828407296599,0.000299167108202365,3997.7895076823233,4003.1781786075653
504,2022-03-03 00:00:00+00:00,0.9933257536218334,5.9646815105977185,0.07110413219941342,7806.080251685649,7813.109363082068
505,2022-03-04 00:00:00+00:00,4015.451768277804,8.018752631627276,260.46612966618454,5213.513293788471,9497.449944364087
506,2022-03-05 00:00:00+00:00,4184.97101658094,6.8556746348744735,271.9756809561608,3809.4922848325646,8273.294657004539
507,2022-03-06 00:00:00+00:00,4214.074451748935,6.643438535629035,269.16208282381706,2323.846253614399,6813.72622672278
508,2022-03-07 00:00:00+00:00,1533.9470045891849,6.2793677015182645,95.86867210610976,489.6356367879051,2125.730681184718
509,2022-03-08 00:00:00+00:00,5228.573343793188,41.89491758455367,330.0851915483326,4242.895259432536,9843.44871235861
510,2022-03-09 00:00:00+00:00,5225.688970777407,6.296100188926233,334.57647666646716,1262.5697508075148,6829.131298440315
511,2022-03-10 00:00:00+00:00,5668.34901600401,6.45042864817694,366.3238926892614,885.6251516071826,6926.748488948631
512,2022-03-11 00:00:00+00:00,6048.06681521696,6.649266476070349,375.7072383430227,1274.3064547062809,7704.729774742333
513,2022-03-12 00:00:00+00:00,5476.364841758376,15.455899393705918,344.8316956170425,723.0402385012273,6559.692675270353
514,2022-03-13 00:00:00+00:00,5471.131832688126,6.479578304946246,356.5172643536574,1063.4121342910144,6897.540809637745
515,2022-03-14 00:00:00+00:00,5826.81135936763,6.1311863494996794,386.13091240688846,720.4232925466594,6939.496750670677
516,2022-03-15 00:00:00+00:00,4734.920080674387,6.653507120505012,297.03557209683885,1533.5342206599619,6572.143380551693
517,2022-03-16 00:00:00+00:00,4487.754971265943,7.626871505177961,264.0509676744626,2719.5916953897527,7479.024505835336
518,2022-03-17 00:00:00+00:00,6002.1939720816545,6.810517712729056,350.7160847340563,2789.5652280975296,9149.28580262597
519,2022-03-18 00:00:00+00:00,10435.68124257744,6.294005188157048,619.6509732613381,1795.8328638776084,12857.459084904545
520,2022-03-19 00:00:00+00:00,11935.208102120576,6.407551450913379,718.0722334068602,793.200384419789,13452.888271398138
521,2022-03-20 00:00:00+00:00,10377.244532323895,7.025585375003788,597.1831020148987,1211.5659006935027,12193.0191204073
522,2022-03-21 00:00:00+00:00,9500.845652257105,6.205993795178094,515.7492406496324,806.1750781064356,10828.975964808353
523,2022-03-22 00:00:00+00:00,7179.889877465746,6.480945750912151,382.0051300617318,768.8834774672921,8337.259430745682
524,2022-03-23 00:00:00+00:00,7427.051210873914,6.4880535060000195,379.575853760336,799.4037778854072,8612.518896025656
525,2022-03-24 00:00:00+00:00,9011.43204050009,6.495095228801935,444.8230176465558,1087.155135323339,10549.905288698787
526,2022-03-25 00:00:00+00:00,11627.587167310123,14.079439175652722,610.9243255145662,904.3709846314359,13156.961916631779
527,2022-03-26 00:00:00+00:00,12513.94095266489,6.44116334669011,629.3877669035247,736.262584353054,13886.032467268158
528,2022-03-27 00:00:00+00:00,11380.761297961302,6.758264460852996,578.9111962231248,881.5971206982668,12848.027879343548
529,2022-03-28 00:00:00+00:00,11810.782738961998,6.68975327172006,621.4904164972968,759.0248843065569,13197.98779303757
530,2022-03-29 00:00:00+00:00,14013.547572446358,6.949196933845536,756.1516781340399,675.1056260779309,15451.754073592174
531,2022-03-30 00:00:00+00:00,15406.402320177882,7.448600826040064,842.0807138317284,856.9733858996976,17112.905020735347
532,2022-03-31 00:00:00+00:00,11484.439957065702,5.747694742941952,630.6849737180517,5297.557165171597,17418.429790698294
533,2022-04-01 00:00:00+00:00,13469.667390857709,7.027025135286156,784.6222418173562,1075.7182587900945,15337.034916600447
534,2022-04-02 00:00:00+00:00,13903.97554831352,6.379112082376632,796.4277304827156,996.9001022837986,15703.68249316241
535,2022-04-03 00:00:00+00:00,11387.146290621726,6.563797105343534,680.3688632139656,855.1101921972765,12929.189143138312
536,2022-04-04 00:00:00+00:00,11993.756620230397,6.504830316892158,713.6965347346807,869.5063573158475,13583.464342597817
537,2022-04-05 00:00:00+00:00,8786.320813875944,6.401965328096488,532.3740324701705,773.297017675219,10098.393829349428
538,2022-04-06 00:00:00+00:00,9514.901927055033,6.36618460317305,586.0503196860514,821.493956025838,10928.812387370095
539,2022-04-07 00:00:00+00:00,10407.738652813947,6.660513867793891,643.1475732079556,1638.3160450921855,12695.862784981882
540,2022-04-08 00:00:00+00:00,9265.839810148906,6.902617067164757,588.6991309012158,5400.154327747708,15261.595885864994
541,2022-04-09 00:00:00+00:00,10528.144075923276,6.2434657684056125,644.7763403393194,834.8902558851395,12014.05413791614
542,2022-04-10 00:00:00+00:00,11470.07431005544,6.769084287467101,686.726030290587,959.0486786543541,13122.618103287847
543,2022-04-11 00:00:00+00:00,10506.811876206808,13.297625903713977,643.0212139203437,1409.2118644179413,12572.342580448805
544,2022-04-12 00:00:00+00:00,10411.065169849075,94.30411770172769,664.4248889587236,1516.0041130175593,12685.798289527085
545,2022-04-13 00:00:00+00:00,9457.107706992529,6.376562211112486,548.7299387107299,2485.1996978231273,12497.4139057375
546,2022-04-14 00:00:00+00:00,10952.875841182238,6.711891893174284,627.6229472963664,434.23313463773985,12021.443815009517
547,2022-04-15 00:00:00+00:00,11975.974645215072,6.935281224975728,682.4061146622191,450.38978627832915,13115.705827380596
548,2022-04-16 00:00:00+00:00,13040.758181104415,7.147719211344165,725.7916387671154,849.1434975660459,14622.841036648919
549,2022-04-17 00:00:00+00:00,12088.710183138379,6.484018640732971,664.277257542842,1030.3467205968598,13789.818179918813
550,2022-04-18 00:00:00+00:00,8618.120435174204,6.638750085566788,459.63620663137567,779.0609294748308,9863.456321365977
551,2022-04-19 00:00:00+00:00,8813.435667643336,6.522485963474139,444.25093650991715,857.4808969052798,10121.689987022008
552,2022-04-20 00:00:00+00:00,11878.73676894137,6.633443444340387,593.9332648627401,750.4591186170628,13229.762595865512
553,2022-04-21 00:00:00+00:00,10871.366428004758,6.521957502292378,539.3689869415391,435.1338315449224,11852.391203993513
554,2022-04-22 00:00:00+00:00,11182.959666514707,6.732541629869047,562.070448124291,803.3640675818244,12555.126723850692
555,2022-04-23 00:00:00+00:00,12422.289034443878,28.09987304910397,648.0544762052446,663.0362950714676,13761.479678769696
556,2022-04-24 00:00:00+00:00,9892.636536488902,6.555306292720284,521.699687590066,557.3782223951179,10978.269752766808
557,2022-04-25 00:00:00+00:00,11582.63519050567,6.452638292604337,619.9610144279416,563.5361494827384,12772.584992708955
558,2022-04-26 00:00:00+00:00,14331.11275268966,7.0812944372357665,802.4950312092577,506.81013366399065,15647.499212000143
559,2022-04-27 00:00:00+00:00,16210.220241501998,8.469645625119421,975.2962178389109,787.0348845439672,17981.020989509994
560,2022-04-28 00:00:00+00:00,15581.627935954884,7.415737790328988,929.5477127131537,581.3284676686557,17099.919854127023
561,2022-04-29 00:00:00+00:00,14259.574340313571,12.275629638559401,797.693953373598,440.64102736024483,15510.184950685974
562,2022-04-30 00:00:00+00:00,12133.442163180614,9.771860352735159,632.6822778825008,457.1884189689259,13233.084720384777
563,2022-05-01 00:00:00+00:00,11834.05426054162,33.19511970634969,601.9944702001748,7214.8829746608035,19684.126825108946
564,2022-05-02 00:00:00+00:00,10317.336692456396,9.763424084338853,535.282161717464,908.5259442533893,11770.908222511587
565,2022-05-03 00:00:00+00:00,10067.908529992892,8.903636555867804,507.7506257313085,975.0379220370672,11559.600714317135
566,2022-05-04 00:00:00+00:00,9959.741662205084,8.693557066116076,502.1872376031581,1120.245262134201,11590.86771900856
567,2022-05-05 00:00:00+00:00,11281.757304487233,7.85796779904617,569.8384420697225,846.2733083021961,12705.727022658197
568,2022-05-06 00:00:00+00:00,15186.24645133173,10.618813871865228,850.9181701152316,448.4464165590715,16496.2298518779
569,2022-05-07 00:00:00+00:00,16678.340111444682,8.678774188612653,892.3518116060587,482.1069916337299,18061.47768887308
570,2022-05-08 00:00:00+00:00,16145.563464827927,9.874283549092,874.6540230604251,3746.758449684707,20776.850221122153
571,2022-05-09 00:00:00+00:00,16186.761053296,8.084791185298927,881.912380199786,4900.529653365161,21977.287878046245
572,2022-05-10 00:00:00+00:00,15370.639744876782,7.360342252003981,853.8601936446237,4642.09855801765,20873.95883879106
573,2022-05-11 00:00:00+00:00,15348.142751402866,9.058895851275393,856.3682429958052,4411.530392272388,20625.100282522333
574,2022-05-12 00:00:00+00:00,13845.704233509057,7.6946209280997975,749.4039038575002,5226.85133326625,19829.654091560908
575,2022-05-13 00:00:00+00:00,13931.34363060487,9.320604390922274,736.9926849797093,32514.90655926469,47192.5634792402
576,2022-05-14 00:00:00+00:00,14054.485164036165,6.2935387869079955,740.7031270882775,138142.501231008,152943.98306091936
577,2022-05-15 00:00:00+00:00,12498.412897206626,8.223113070955113,681.0635008064397,484.6170990637893,13672.316610147811
578,2022-05-16 00:00:00+00:00,14591.285200130313,10.975264010782261,797.1166404556684,578.1298611937141,15977.506965790477
579,2022-05-17 00:00:00+00:00,14334.854289166331,10.343046140005006,754.3544183252227,533.5324333038121,15633.084186935372
580,2022-05-18 00:00:00+00:00,13440.654893237033,10.195445502110276,724.2746703463589,788.4812897272641,14963.606298812765
581,2022-05-19 00:00:00+00:00,13110.041703628025,9.671133370842044,716.5639128867667,1163.240812918502,14999.517562804136
582,2022-05-20 00:00:00+00:00,12615.164630779218,9.332284343736744,708.6791152233062,511.8138521348914,13844.989882481152
583,2022-05-21 00:00:00+00:00,12832.659569112706,8.00387266978554,743.495295025571,1315.2542728379728,14899.413009646034
584,2022-05-22 00:00:00+00:00,11865.739864084124,9.449504106276656,697.1154160726297,555.0453673182933,13127.350151581322
585,2022-05-23 00:00:00+00:00,10625.673108752486,8.93320566205246,596.7669889723622,634.1097252834363,11865.483028670338
586,2022-05-24 00:00:00+00:00,12046.772687313214,8.832820116227968,681.4639545598767,717.5536185486227,13454.623080537942
587,2022-05-25 00:00:00+00:00,7963.635284698837,6.612244079432337,482.215579367352,450.3274356197392,8902.79054376536
588,2022-05-26 00:00:00+00:00,8470.116174996345,6.280154489682118,516.8819367077944,834.0826163943157,9827.360882588138
589,2022-05-27 00:00:00+00:00,8439.772347110502,7.890854193232099,509.6865433018749,1089.340148559388,10046.689893164998
590,2022-05-28 00:00:00+00:00,9314.127378992695,8.105456936758463,547.3126150011244,1431.482660743123,11301.0281116737
591,2022-05-29 00:00:00+00:00,9288.74182122808,7.1856295691201675,536.7060634824791,1674.0082846920966,11506.641798971776
592,2022-05-30 00:00:00+00:00,8799.382544513594,6.211334173195551,520.7755162495398,972.8729843868211,10299.242379323148
593,2022-05-31 00:00:00+00:00,9038.622907419343,6.40358917627475,515.5060331532146,1900.6810735434317,11461.213603292264
594,2022-06-01 00:00:00+00:00,8411.662740448126,10.40986606177305,480.09454599666685,1391.4873351550245,10293.65448766159
595,2022-06-02 00:00:00+00:00,9453.305574104126,8.358246745481365,530.2080158743794,1298.2737890923568,11290.145625816343
596,2022-06-03 00:00:00+00:00,8817.105956804233,11.070301594342405,519.8352101732368,1135.815014918083,10483.826483489895
597,2022-06-04 00:00:00+00:00,7850.6149051590555,10.080309805931329,484.67909722720964,1493.3415066318296,9838.715818824026
598,2022-06-05 00:00:00+00:00,7326.210799518443,6.26631281729607,456.702686050908,1224.4638319199603,9013.643630306608
599,2022-06-06 00:00:00+00:00,7049.894192212133,6.3119874535295,421.96673884804414,1936.9853229682935,9415.158241482
600,2022-06-07 00:00:00+00:00,8903.312283710437,6.3241789855821455,522.0177469491127,1956.883852431277,11388.538062076408
601,2022-06-08 00:00:00+00:00,8226.392714647322,6.79457422159429,501.93053023884875,2322.1158449352893,11057.233664043055
602,2022-06-09 00:00:00+00:00,8371.932427356132,6.379186279897153,505.34827896572165,1533.2354671366872,10416.895359738437
603,2022-06-10 00:00:00+00:00,8347.674375975892,6.529028099792401,503.44644747122516,1971.6903134804315,10829.34016502734
604,2022-06-11 00:00:00+00:00,7947.891381547781,6.3553295195464585,527.9397870729546,1283.2103066592533,9765.396804799535
605,2022-06-12 00:00:00+00:00,7795.295215459265,18.23287922144017,493.95284585984683,1184.6030713784783,9492.08401191903
606,2022-06-13 00:00:00+00:00,7616.27211117259,6.356572000626109,497.76796334986665,1400.4037037213145,9520.800350244397
607,2022-06-14 00:00:00+00:00,6823.649637162024,6.443388865718571,451.8386944399525,4656.275914774434,11938.207635242128
608,2022-06-15 00:00:00+00:00,7002.440985291232,6.187460490145534,483.24150959863175,4243.6643325455525,11735.534287925562
609,2022-06-16 00:00:00+00:00,7000.114720277452,6.825330664397584,454.46774865519694,5699.375300592396,13160.783100189443
610,2022-06-17 00:00:00+00:00,9951.12713409233,6.324308623539898,659.3848652733348,6570.923750295062,17187.760058284264
611,2022-06-18 00:00:00+00:00,8244.622970353632,9.095959117695399,555.2582243853287,2135.954572817787,10944.931726674444
612,2022-06-19 00:00:00+00:00,7156.779314067686,9.210994421771662,481.65434809351524,6502.8434538228585,14150.488110405831
613,2022-06-20 00:00:00+00:00,8174.372603726336,10.306532368955542,538.8694405019894,15361.139800237184,24084.688376834463
614,2022-06-21 00:00:00+00:00,8389.858731834835,6.3554332349481735,545.8200343300597,4065.1953884718505,13007.229587871694
615,2022-06-22 00:00:00+00:00,9076.637784306615,6.228857126414433,625.7005277376198,3497.3681122552944,13205.935281425944
616,2022-06-23 00:00:00+00:00,8023.6593170027845,8.770655680056544,552.0859734412031,3769.4048934498896,12353.920839573933
617,2022-06-24 00:00:00+00:00,8032.942169275287,17.42097605181514,520.967814245776,996.3940696299472,9567.725029202826
618,2022-06-25 00:00:00+00:00,6649.59989715666,9.909299915795765,406.37638862408096,621.8611316178755,7687.746717314412
619,2022-06-26 00:00:00+00:00,6376.36154040555,9.863627585211852,398.4516691166143,6060.858019017216,12845.534856124592
620,2022-06-27 00:00:00+00:00,7632.91661190362,9.849062721456635,501.3984258957733,936.5235188073677,9080.687619328219
621,2022-06-28 00:00:00+00:00,9592.740253256652,11.776172097327121,638.3661249739491,563.2208394518007,10806.103389779728
622,2022-06-29 00:00:00+00:00,10551.559043395302,8.79802728191878,699.3674298640902,967.9154139336906,12227.639914475003
623,2022-06-30 00:00:00+00:00,10226.228536240935,8.676915415656065,693.5192964584014,5573.5683670912495,16501.99311520624
624,2022-07-01 00:00:00+00:00,6665.807220776991,7.068296803722808,449.99812880734163,3232.52226487929,10355.395911267346
625,2022-07-02 00:00:00+00:00,4792.864054051929,9.058217806569857,337.82737612585265,1901.0971162596493,7040.846764244001
626,2022-07-03 00:00:00+00:00,2816.0446462093673,9.441123466393877,188.21275209733187,1521.582514709041,4535.281036482134
627,2022-07-04 00:00:00+00:00,1900.529132898998,9.753017605638089,133.17341558531533,1065.6545769119296,3109.1101430018807
628,2022-07-05 00:00:00+00:00,49.7274012544006,6.427114896109734,3.6664847061539225,6629.247214015415,6689.068214872079
629,2022-07-06 00:00:00+00:00,2670.7366224612188,13.054542381707995,129.35372694565388,20664.36555291683,23477.51044470541
630,2022-07-07 00:00:00+00:00,20205.806258259283,1057.4779695686082,1267.7056819170607,24839.615783909223,47370.60569365417
631,2022-07-08 00:00:00+00:00,12401.639677448124,16.126200160005215,693.0882658545963,17162.747156694466,30273.601300157192
632,2022-07-09 00:00:00+00:00,13838.035834316532,84.95713155492425,810.4950803992904,12938.649306055382,27672.137352326128
633,2022-07-10 00:00:00+00:00,14727.672106458136,46.95812357212296,875.7612399609109,7848.003622253531,23498.395092244704
634,2022-07-11 00:00:00+00:00,14730.267825400058,14.862108311454545,801.5903092908723,3132.231584529126,18678.95182753151
635,2022-07-12 00:00:00+00:00,15644.552943410154,30.98468180920162,812.951767631155,2992.055003507912,19480.54439635842
636,2022-07-13 00:00:00+00:00,16167.670413523689,87.59707131682732,851.2939530962599,1874.1231925238035,18980.68463046058
637,2022-07-14 00:00:00+00:00,19207.97744578934,14.62804664417288,1178.773063779025,6386.459418356606,26787.83797456914
638,2022-07-15 00:00:00+00:00,20906.50707449007,22.470512452740728,1246.7916100643529,1746.3096047296333,23922.078801736796
639,2022-07-16 00:00:00+00:00,18124.20185701391,35.69834369741032,1060.39381939227,2157.1543892866675,21377.44840939026
640,2022-07-17 00:00:00+00:00,12995.55489777938,14.541803894307566,696.5895976193196,3536.3741241954726,17243.06042348848
641,2022-07-18 00:00:00+00:00,14928.099325888916,15.817792059079572,742.8026617637362,3466.171292826201,19152.891072537932
642,2022-07-19 00:00:00+00:00,16153.361233106278,18.911232940013896,889.281109127867,1013.9315053892404,18075.485080563398
643,2022-07-20 00:00:00+00:00,16645.80686641325,29.776538833674874,950.4595343442368,1025.5911619609753,18651.63410155214
644,2022-07-21 00:00:00+00:00,16631.879213869695,22.447272336811768,968.4015198546501,703.2277111625268,18325.955717223685
645,2022-07-22 00:00:00+00:00,17691.62258406776,46.66339131481071,1013.8596592537,1431.1580524440071,20183.30368708028
646,2022-07-23 00:00:00+00:00,18121.716313330842,21.248074427571108,1071.6644036036241,1300.651640188939,20515.280431550975
647,2022-07-24 00:00:00+00:00,16272.141379032559,22.169333242176272,1041.676119179267,1996.142647360153,19332.129478814157
648,2022-07-25 00:00:00+00:00,15575.79105805172,24.691456109781825,956.3064863127563,1272.6114087589651,17829.400409233225
649,2022-07-26 00:00:00+00:00,12728.101142542439,21.610943414378667,647.6441513684169,1252.8688985801573,14650.225135905392
650,2022-07-27 00:00:00+00:00,13946.805709025322,51.71946356449687,693.7060180529951,2150.7997943635346,16843.03098500635
651,2022-07-28 00:00:00+00:00,13696.487433066683,207.20361088224558,725.6866325106429,2916.825845504556,17546.203521964126
652,2022-07-29 00:00:00+00:00,13968.597085671538,55.90565995268548,730.3336133701929,4367.130970453258,19121.967329447674
653,2022-07-30 00:00:00+00:00,12811.424815806142,115.26235633019398,669.2627704758467,10340.16602552901,23936.115968141192
654,2022-07-31 00:00:00+00:00,9517.106989563876,95.33071693727341,437.4707962032249,3758.834365128665,13808.742867833038
655,2022-08-01 00:00:00+00:00,9616.02984674723,29.521428646248538,434.75416909800225,1069.5916636447591,11149.89710813624
656,2022-08-02 00:00:00+00:00,10756.519476861631,17.27063449371817,457.18286993911335,1970.1363300068188,13201.109311301281
657,2022-08-03 00:00:00+00:00,10586.975624294302,37.07090986835941,456.08825055286025,1731.4999852287797,12811.634769944303
658,2022-08-04 00:00:00+00:00,9398.948176729113,12.456549792111842,421.3018006608584,1507.0146862998465,11339.72121348193
659,2022-08-05 00:00:00+00:00,11945.250706884082,60.40418721829839,545.7817859300077,1496.4121562414102,14047.848836273799
660,2022-08-06 00:00:00+00:00,12604.354317397187,100.13774524129259,602.8623579400947,5747.483741364989,19054.838161943564
661,2022-08-07 00:00:00+00:00,12122.717888392483,359.8829220055515,580.1041126018965,1276.4453913055515,14339.150314305483
662,2022-08-08 00:00:00+00:00,12095.824716773748,10.843409973012596,585.5778167080871,1408.0978608523865,14100.343804307235
663,2022-08-09 00:00:00+00:00,13759.103779210713,25.859658231067833,748.878243398836,2670.5869191267075,17204.428599967323
664,2022-08-10 00:00:00+00:00,15507.537444039164,103.8088365709532,978.9546566169552,2240.7172991450043,18831.018236372074
665,2022-08-11 00:00:00+00:00,14368.698889825717,21.915890104050177,782.4116701556998,3920.705409868069,19093.731859953536
666,2022-08-12 00:00:00+00:00,15782.808611656987,17.98110404900353,830.238954202267,2465.348267466606,19096.376937374862
667,2022-08-13 00:00:00+00:00,17286.933804674874,75.1418104697713,799.2651054850717,1826.4538720085359,19987.794592638253
668,2022-08-14 00:00:00+00:00,12533.005031328667,81.96384775640605,532.4086157313584,1480.907740643212,14628.285235459642
669,2022-08-15 00:00:00+00:00,12297.870728468968,43.76931365267507,505.22422557677953,1529.886129222253,14376.750396920677
670,2022-08-16 00:00:00+00:00,12194.458478879602,9.194216054872017,497.4597943212737,2057.1895901563075,14758.302079412055
671,2022-08-17 00:00:00+00:00,16847.880723364942,14.124395157302319,720.9495026352624,6666.64305232784,24249.597673485347
672,2022-08-18 00:00:00+00:00,15543.282640698342,84.6353596634461,656.2643544376285,3041.7921868227586,19325.974541622174
673,2022-08-19 00:00:00+00:00,14091.71679372009,43.94836188688086,603.9140429636967,930.5565925047958,15670.135791075465
674,2022-08-20 00:00:00+00:00,14034.743387000512,9.753148551381,635.2228100680103,1014.8875325097075,15694.606878129609
675,2022-08-21 00:00:00+00:00,10566.26778932456,50.80701553897696,463.71795979767734,1761.6678551313041,12842.460619792519
676,2022-08-22 00:00:00+00:00,10010.42856405987,7.961867261431382,425.9604265052909,1036.3308295864247,11480.681687413016
677,2022-08-23 00:00:00+00:00,10782.306218939822,8.059718042534747,471.01657222134736,2278.2547242738656,13539.63723347757
678,2022-08-24 00:00:00+00:00,9828.17014030599,459.46895022015286,450.3170093585718,875.1103285805141,11613.06642846523
679,2022-08-25 00:00:00+00:00,13845.750365627247,9.201581967635285,721.3448609106483,1300.4151999354074,15876.712008440938
680,2022-08-26 00:00:00+00:00,20326.18377960114,59.747863271903356,1092.1005255160956,1308.8821260070729,22786.91429439621
681,2022-08-27 00:00:00+00:00,20147.136807691135,56.633285554153005,1065.3399278401969,2973.7673366762046,24242.87735776169
682,2022-08-28 00:00:00+00:00,13747.521451001561,40.19778276735495,758.7929898025761,2165.1694907304736,16711.681714301965
683,2022-08-29 00:00:00+00:00,18114.522980927755,22.36177189482607,993.8580333343112,2188.4230276342178,21319.16581379111
684,2022-08-30 00:00:00+00:00,13844.040864475726,147.88558435650907,694.0220588566826,2058.5254890897386,16744.473996778655
685,2022-08-31 00:00:00+00:00,15246.219901433285,10.791398197200312,663.2432718961043,8045.834941763685,23966.089513290273
686,2022-09-01 00:00:00+00:00,17094.66708046868,8.137362052999466,773.7778490158503,1681.2090898157298,19557.791381353258
687,2022-09-02 00:00:00+00:00,17233.729708470826,12.896170825734504,768.1445191769055,2224.141841550747,20238.912240024212
688,2022-09-03 00:00:00+00:00,10308.376747781831,9.871775514684696,445.96423898641365,895.8850141629001,11660.09777644583
689,2022-09-04 00:00:00+00:00,13656.865762744357,8.864440580117503,579.1855049454336,1490.531408082925,15735.447116352832
690,2022-09-05 00:00:00+00:00,20231.096377977807,11.932778728841196,999.906156711604,1202.6045610686783,22445.53987448693
691,2022-09-06 00:00:00+00:00,12414.062403194497,44.39082782443788,599.3555154338069,1139.0789785825514,14196.887725035293
692,2022-09-07 00:00:00+00:00,11266.814107947535,17.233941168974155,531.0199886493479,3417.71361960438,15232.781657370237
693,2022-09-08 00:00:00+00:00,12254.844459571272,22.966828569506397,617.4257469132211,1641.1353996880514,14536.37243474205
694,2022-09-09 00:00:00+00:00,13171.515703441222,14.23895516839876,635.534684841219,1604.6903667059973,15425.979710156838
695,2022-09-10 00:00:00+00:00,7440.085373393811,12.501369618926413,356.1216882879822,1395.6072922781057,9204.315723578826
696,2022-09-11 00:00:00+00:00,5742.295188124988,14.445847028577647,253.85429114206752,1045.354315906425,7055.949642202058
697,2022-09-12 00:00:00+00:00,8517.473545303807,16.575039289288558,421.9547367502082,1169.3675405022302,10125.370861845531
698,2022-09-13 00:00:00+00:00,11324.957915670886,34.09940147572314,574.1383035137696,755.0629694062983,12688.258590066678
699,2022-09-14 00:00:00+00:00,10883.137500432142,59.327490643598026,505.26849112121255,1171.9062474581337,12619.639729655086
700,2022-09-15 00:00:00+00:00,11848.521609334897,113.84642987659353,530.7528434326788,1491.0284848980432,13984.149367542213
701,2022-09-16 00:00:00+00:00,12862.442008042555,56.62876567369441,547.7701657612026,2280.5103260741685,15747.351265551622
702,2022-09-17 00:00:00+00:00,12195.342175596317,8.615930982067777,540.2659697639186,2291.5838117569224,15035.807888099227
703,2022-09-18 00:00:00+00:00,9996.86618740388,17.93608637681787,442.93194430791937,4244.7419418823465,14702.476159970965
704,2022-09-19 00:00:00+00:00,12735.16486089452,27.342495663857108,569.7006824785856,22616.148944966066,35948.356984003025
705,2022-09-20 00:00:00+00:00,12339.9930694304,54.55375937205048,509.70386964662526,1453.7125217958367,14357.963220244914
706,2022-09-21 00:00:00+00:00,13584.44183099494,29.752814196321975,556.8502836505329,16857.088038338446,31028.132967180238
707,2022-09-22 00:00:00+00:00,13528.408761690598,40.78795471008239,612.1432901211516,7976.1336532741125,22157.473659795945
708,2022-09-23 00:00:00+00:00,11901.895859265589,45.37799362523554,472.029604552034,1936.3269676311884,14355.630425074047
709,2022-09-24 00:00:00+00:00,13343.415569798506,34.765096709055456,535.5917897745925,1649.8498597852395,15563.622316067394
710,2022-09-25 00:00:00+00:00,13694.95702104893,22.52804468264895,578.228332755484,1855.5619802227254,16151.275378709786
711,2022-09-26 00:00:00+00:00,16613.389404683483,89.11245325322662,696.9155141536985,9126.37357311934,26525.790945209745
712,2022-09-27 00:00:00+00:00,13963.107928795358,164.9229805056331,681.7947123156317,4115.476873580905,18925.302495197528
713,2022-09-28 00:00:00+00:00,10083.520530505239,116.40691950106745,449.7066383653793,1508.7504965925355,12158.38458496422
714,2022-09-29 00:00:00+00:00,7710.283212750731,101.48628502308344,297.24684673865113,1324.0951802105642,9433.11152472303
715,2022-09-30 00:00:00+00:00,15602.968109629577,272.99000851273956,783.478057592332,2471.333324260937,19130.769499995586
716,2022-10-01 00:00:00+00:00,17548.06076252291,753.7830566101064,821.5900675938971,2836.232971467255,21959.66685819417
717,2022-10-02 00:00:00+00:00,14660.712879809545,809.7300305368162,625.8949402696925,2655.337204384574,18751.67505500063
718,2022-10-03 00:00:00+00:00,10695.048838652632,756.7278880257023,499.5334411813051,1666.2043176013558,13617.514485460995
719,2022-10-04 00:00:00+00:00,11285.339229727873,1382.0286808417666,549.6725119311491,1708.9385926739228,14925.979015174711
720,2022-10-05 00:00:00+00:00,13598.196453276592,780.565502609546,579.5574708527228,2786.3086627792773,17744.628089518137
721,2022-10-06 00:00:00+00:00,9950.04908676556,661.5197108438454,393.6011333949153,1790.5477879349774,12795.7177189393
722,2022-10-07 00:00:00+00:00,6924.428555539129,544.0071176644495,283.15747341673125,1609.3037785832933,9360.896925203604
723,2022-10-08 00:00:00+00:00,12657.75519455336,505.6755529865949,591.3457390742141,7101.482853908378,20856.259340522545
724,2022-10-09 00:00:00+00:00,16942.58845754522,541.2568748269878,703.4076074456049,14892.02931696518,33079.28225678299
725,2022-10-10 00:00:00+00:00,17127.581572416962,7322.038223576209,704.7877026786518,4182.805263902212,29337.212762574032
726,2022-10-11 00:00:00+00:00,14940.610040165095,13108.945095242083,1538.675216987148,4267.4386986125155,33855.669051006844
